Artist;Grouping;Genre
Chips;A Cappella;A Cappella: Alternative Rock
Duke University Pitchforks;A Cappella;A Cappella: Alternative Rock
Elizabethtown College Phalanx;A Cappella;A Cappella: Alternative Rock
Off the Beat (U Penn);A Cappella;A Cappella: Alternative Rock
Off The Beat (U Penn);A Cappella;A Cappella: Alternative Rock
Penny Loafers (U Penn);A Cappella;A Cappella: Alternative Rock
Peter J. Wilhousky;A Cappella;A Cappella: Alternative Rock
Phantoms;A Cappella;A Cappella: Alternative Rock
The Acafellas;A Cappella;A Cappella: Alternative Rock
The Brown Derbies;A Cappella;A Cappella: Alternative Rock
The Flying Pickets;A Cappella;A Cappella: Alternative Rock
The Virginia Gentlemen;A Cappella;A Cappella: Alternative Rock
Tufts University Beelzebubs;A Cappella;A Cappella: Alternative Rock
University Of Virginia Academical Village People;A Cappella;A Cappella: Alternative Rock
Unknown Artist;A Cappella;A Cappella: Alternative Rock
College A Cappella;A Cappella;A Cappella: Classic Rock
The Gentlemen Of The College;A Cappella;A Cappella: Classic Rock
University Of California Berkeley Men's Octet;A Cappella;A Cappella: Classic Rock
University Of Rochester Yellowjackets;A Cappella;A Cappella: Classic Rock
Dion;A Cappella;A Cappella: Doo-Wop
The Spaniels;A Cappella;A Cappella: Doo-Wop
Acappella;A Cappella;A Cappella: Gospel
Cornell University Hangovers;A Cappella;A Cappella: Pop
Margie Gibson;A Cappella;A Cappella: Pop
Pentatonix;A Cappella;A Cappella: Pop
Princeton University Tigertones;A Cappella;A Cappella: Pop
Rockapella;A Cappella;A Cappella: Pop
Stanford University Counterpoint;A Cappella;A Cappella: Pop
The Fleetwoods;A Cappella;A Cappella: Pop
The Nylons;A Cappella;A Cappella: Pop
The Swingle Singers;A Cappella;A Cappella: Pop
University Of California, Los Angeles Awaken A Cappella;A Cappella;A Cappella: Pop
University Of Illinois Other Guys;A Cappella;A Cappella: Pop
University Of Maryland Generics;A Cappella;A Cappella: Pop
Unknown;A Cappella;A Cappella: Pop
Skidmore Bandersnatchers;A Cappella;A Cappella: Pop Rock
University Of Virginia Hullabahoos;A Cappella;A Cappella: Pop Rock
Schrödinger's Cat;A Cappella;A Cappella: R&B
Big Mountain;A Cappella;A Cappella: Reggae
Kelly Howell;BrainWave;Brain-Sync
Lucid Dreaming;BrainWave;Brain-Sync
Beethoven;Classical;Classical
Cesare Cantieri, Orchester Der Wiener Volksoper;Classical;Classical
Dmitri Dmitrievich Shostakovich;Classical;Classical
Fryderyk Chopin;Classical;Classical
Johann Sebastian Bach;Classical;Classical
Ludwig Van Beethoven;Classical;Classical
The Classic Rock String Quartet;Classical;Classical
The Hit Crew;Classical;Classical
Wolfgang Amadeus Mozart;Classical;Classical
Edvard Grieg;Classical;Composers
Modest Mussorgsky;Classical;Composers
Marco Beltrami;Classical;Instrumental
Charlotte Church;Classical;Classical Opera
Yoko Shimomura;Classical;Classical Piano
A&E Biography;Comedy;Comedy [Skit]
Bill & Monica;Comedy;Comedy [Skit]
Bob & Tom;Comedy;Comedy [Skit]
Bob Zany;Comedy;Comedy [Skit]
Bud Light;Comedy;Comedy [Skit]
Dan Greuter;Comedy;Comedy [Skit]
Dan St. Paul;Comedy;Comedy [Skit]
Dean & Jerry;Comedy;Comedy [Skit]
Dick & Hadji;Comedy;Comedy [Skit]
Duke Tumatoe & Sam Kinison;Comedy;Comedy [Skit]
Duke Tumatoe & The Power Trio;Comedy;Comedy [Skit]
Geechy Guy;Comedy;Comedy [Skit]
Heywood Banks;Comedy;Comedy [Skit]
Joel Lindley;Comedy;Comedy [Skit]
John Wing;Comedy;Comedy [Skit]
Larry King;Comedy;Comedy [Skit]
Larry Reeb;Comedy;Comedy [Skit]
Lloyd & Floyd;Comedy;Comedy [Skit]
Marc Maron;Comedy;Comedy [Skit]
Matt Weinhold;Comedy;Comedy [Skit]
Mr. Obvious;Comedy;Comedy [Skit]
Paul Gilmartin;Comedy;Comedy [Skit]
Pete Stacker & David Bickler;Comedy;Comedy [Skit]
Ric Schrader;Comedy;Comedy [Skit]
Rodney Carrington;Comedy;Comedy [Skit]
Sean Morey;Comedy;Comedy [Skit]
Sid & Hadji;Comedy;Comedy [Skit]
Sid And Bart;Comedy;Comedy [Skit]
The Chick McGee Experience;Comedy;Comedy [Skit]
The Electric Amish;Comedy;Comedy [Skit]
The Love Brothers;Comedy;Comedy [Skit]
The Mad Armenians;Comedy;Comedy [Skit]
Tim Cavanagh;Comedy;Comedy [Skit]
Tim Wilson;Comedy;Comedy [Skit]
Todd Yohn;Comedy;Comedy [Skit]
Wild Bill Bauer;Comedy;Comedy [Skit]
Joe Meek;Comedy;Comedy: [Answering Machine Message]
Roy D. Mercer;Comedy;Comedy: [Answering Machine Message]
Elmo & Patsy;Comedy;Comedy: [Country]
Adam Sandler;Comedy;Comedy: [Music]
Barnes & Barnes;Comedy;Comedy: [Music]
Barry Martin;Comedy;Comedy: [Music]
Bentframe;Comedy;Comedy: [Music]
Bob Kevoian;Comedy;Comedy: [Music]
Bob Rivers;Comedy;Comedy: [Music]
Bowser And Blue;Comedy;Comedy: [Music]
Brian Haner;Comedy;Comedy: [Music]
Camp Chaos;Comedy;Comedy: [Music]
CampChaos;Comedy;Comedy: [Music]
Capitol Steps;Comedy;Comedy: [Music]
Clint;Comedy;Comedy: [Music]
Da Yoopers;Comedy;Comedy: [Music]
David Crowe;Comedy;Comedy: [Music]
David Seville;Comedy;Comedy: [Music]
Dr. Tom Whiskey;Comedy;Comedy: [Music]
DVDA;Comedy;Comedy: [Music]
Frank Gallop;Comedy;Comedy: [Music]
Frank Zappa;Comedy;Comedy: [Music]
Fred 'August' Campbell & The Spur Of The Moment Band;Comedy;Comedy: [Music]
Freddie Blassie;Comedy;Comedy: [Music]
Homer & Jethro;Comedy;Comedy: [Music]
Ill-Eagles;Comedy;Comedy: [Music]
James & Kling;Comedy;Comedy: [Music]
Jeff Dunham;Comedy;Comedy: [Music]
Jeff Rothpan;Comedy;Comedy: [Music]
Jim Breuer;Comedy;Comedy: [Music]
John Fox;Comedy;Comedy: [Music]
John Valby;Comedy;Comedy: [Music]
Jump 'N The Saddle Band;Comedy;Comedy: [Music]
LaBeatos;Comedy;Comedy: [Music]
Larry Groce;Comedy;Comedy: [Music]
Lord Carrett;Comedy;Comedy: [Music]
Mike Stein;Comedy;Comedy: [Music]
Monty Python;Comedy;Comedy: [Music]
Napoleon XIV;Comedy;Comedy: [Music]
Ned And Manson;Comedy;Comedy: [Music]
Nervous Norvus;Comedy;Comedy: [Music]
Ozzy Fudd;Comedy;Comedy: [Music]
Pig Vomit;Comedy;Comedy: [Music]
Rocky LaPorte;Comedy;Comedy: [Music]
Rose & The Arrangement;Comedy;Comedy: [Music]
Rusty Humphries And The Boneheads;Comedy;Comedy: [Music]
Sarah Silverman;Comedy;Comedy: [Music]
Shel Silverstein;Comedy;Comedy: [Music]
Steve Martin & The Toot Uncommons;Comedy;Comedy: [Music]
Technohippies;Comedy;Comedy: [Music]
Ted Leo & the Pharmacists;Comedy;Comedy: [Music]
The Buoys;Comedy;Comedy: [Music]
The Firm;Comedy;Comedy: [Music]
The Frantics;Comedy;Comedy: [Music]
The Lonely Island;Comedy;Comedy: [Music]
The Playmates;Comedy;Comedy: [Music]
The Singing Dogs;Comedy;Comedy: [Music]
The Trashmen;Comedy;Comedy: [Music]
Tom "T-Bone" Stankus;Comedy;Comedy: [Music]
Tom Lehrer;Comedy;Comedy: [Music]
Triumph The Insult Comic Dog;Comedy;Comedy: [Music]
Weird Al Yankovic;Comedy;Comedy: [Music]
Zach Galifianakis;Comedy;Comedy: [Music]
Cledus T. Judd;Comedy;Comedy: [Music] [Country]
Jimmy Kimmel;Comedy;Comedy: [Parody]
Jim Florentine;Comedy;Comedy: [Prank Phone Calls]
The Jerky Boys;Comedy;Comedy: [Prank Phone Calls]
Psycho Dani Willis;Comedy;Comedy: [Psycho Voice Mails]
Bud Light Presents (Pete Stacker & David Bickler);Comedy;Comedy: [Radio Commercials]
Frank & Louie;Comedy;Comedy: [Radio Commercials]
Comedy;Comedy;Comedy: [Skit]
Dwight York;Comedy;Comedy: [Skit]
Evan Davis;Comedy;Comedy: [Skit]
Howard Stern;Comedy;Comedy: [Skit]
Lamont & Tonelli;Comedy;Comedy: [Skit]
Tommy & Rumble;Comedy;Comedy: [Skit]
Bubba The Love Sponge;Comedy;Comedy: [Spoken]
Cheech & Chong;Comedy;Comedy: [Spoken]
Drew Carey;Comedy;Comedy: [Spoken]
Opie & Anthony;Comedy;Comedy: [Spoken]
Bill Cosby;Comedy;Comedy: [Stand-Up]
Bill Engvall;Comedy;Comedy: [Stand-Up]
Bill Engvall, Jeff Foxworthy & Larry the Cable Guy;Comedy;Comedy: [Stand-Up]
Bill Hicks;Comedy;Comedy: [Stand-Up]
Carl LaBove;Comedy;Comedy: [Stand-Up]
Chris Rock;Comedy;Comedy: [Stand-Up]
Dane Cook;Comedy;Comedy: [Stand-Up]
Denis Leary;Comedy;Comedy: [Stand-Up]
Dennis Leary;Comedy;Comedy: [Stand-Up]
George Carlin;Comedy;Comedy: [Stand-Up]
Jeff Foxworthy;Comedy;Comedy: [Stand-Up]
Joey Coco Diaz;Comedy;Comedy: [Stand-Up]
Larry the Cable Guy;Comedy;Comedy: [Stand-Up]
Mitch Hedberg;Comedy;Comedy: [Stand-Up]
Robin Williams;Comedy;Comedy: [Stand-Up]
Ron White;Comedy;Comedy: [Stand-Up]
Sam Kinison;Comedy;Comedy: [Stand-Up]
Steve Martin;Comedy;Comedy: [Stand-Up]
Carlos Mencia;Comedy;Comedy: [Stand-Up] [Full Show]
Dana Carvey;Comedy;Comedy: [Stand-Up] [Full Show]
Eddie Griffin;Comedy;Comedy: [Stand-Up] [Full Show]
Eddie Murphy;Comedy;Comedy: [Stand-Up] [Full Show]
Jerry Seinfeld;Comedy;Comedy: [Stand-Up] [Full Show]
John Leguizamo;Comedy;Comedy: [Stand-Up] [Full Show]
Martin Lawrence;Comedy;Comedy: [Stand-Up] [Full Show]
Richard Pryor;Comedy;Comedy: [Stand-Up] [Full Show]
Rodney Dangerfield;Comedy;Comedy: [Stand-Up] [Full Show]
Steven Wright;Comedy;Comedy: [Stand-Up] [Full Show]
Touch-Tone Terrorists;Comedy;Comedy: [Telephone Calls]
Rejection Online;Comedy;Comedy: [Voice Mail]
PsychoEx;Comedy;Comedy: [Voice Mail]
The Axis Of Awesome;Comedy;Comedy: Music [Alternative Rock]
The Axis of Awesome;Comedy;Comedy: Music [Alternative Rock]
The Axis Of Awesome;Comedy;Comedy: Music [Alternative Rock]
Austin Lounge Lizards;Comedy;Comedy: Music [Bluegrass]
R. Crumb And His Cheap Suit Serenaders;Comedy;Comedy: Music [Bluegrass]
Matt Rogers;Comedy;Comedy: Music [Christmas]
Red Peters;Comedy;Comedy: Music [Christmas]
The Coon Hunters;Comedy;Comedy: Music [Country]
Flight Of The Conchords;Comedy;Comedy: Music [Folk]
Garfunkel And Oates;Comedy;Comedy: Music [Folk]
Kevin Bloody Wilson;Comedy;Comedy: Music [Folk]
Beatallica;Comedy;Comedy: Music [Heavy Metal]
Jim Brewer;Comedy;Comedy: Music [Heavy Metal]
Aqua;Comedy;Comedy: Music [Parody]
Hillman Morning Show;Comedy;Comedy: Music [Parody]
Johnny Crass;Comedy;Comedy: Music [Parody]
Peter Paul & Mary - All Credit;Comedy;Comedy: Music [Parody]
S.T.G.;Comedy;Comedy: Music [Parody]
Schmetallica;Comedy;Comedy: Music [Parody]
David A. Scott;Comedy;Comedy: Music [Pop]
Julie Brown;Comedy;Comedy: Music [Pop]
William Hung;Comedy;Comedy: Music [Pop]
Nice Peter;Comedy;Comedy: Music [Rap]
Scott Thompson;Comedy;Comedy: Music [Rap]
Sidecar;Comedy;Comedy: Music [Rap]
Wehrmacht;Comedy;Comedy: Music [Rap]
The Vestibules;Comedy;Comedy: Music [Rock]
Songify This;Comedy;Comedy: Music [Songify]
Coach Z;Comedy;Comedy: Songs [WebSeries]
Limozeen;Comedy;Comedy: Songs [WebSeries]
Marzipan;Comedy;Comedy: Songs [WebSeries]
Strong Bad;Comedy;Comedy: Songs [WebSeries]
Taranchula;Comedy;Comedy: Songs [WebSeries]
The Kinda Long Haired Band;Comedy;Comedy: Songs [WebSeries]
What's Her Face;Comedy;Comedy: Songs [WebSeries]
Aqua Tean Hunger Force;Comedy;Comedy: TV Show [Cartoon]
Aqua Teen Hunger Force;Comedy;Comedy: TV Show [Cartoon]
ATHF;Comedy;Comedy: TV Show [Cartoon]
Family Guy;Comedy;Comedy: TV Show [Cartoon]
Kanye West;Comedy;Comedy: TV Show [Cartoon]
Ren & Stimpy;Comedy;Comedy: TV Show [Cartoon]
Robot Chicken;Comedy;Comedy: TV Show [Cartoon]
Space Ghost;Comedy;Comedy: TV Show [Cartoon]
SpongeBob And Plankton;Comedy;Comedy: TV Show [Cartoon]
SpongeBob SquarePants;Comedy;Comedy: TV Show [Cartoon]
Stewie Griffin;Comedy;Comedy: TV Show [Cartoon]
The Simpsons;Comedy;Comedy: TV Show [Cartoon]
Trey Parker;Comedy;Comedy: TV Show [Cartoon]
Don Henley;Comedy;Comedy: TV Show [Live Action]
George Benson;Comedy;Comedy: TV Show [Live Action]
Jimmy Buffett;Comedy;Comedy: TV Show [Live Action]
Kermit The Frog;Comedy;Comedy: TV Show [Live Action]
Linda Ronstadt;Comedy;Comedy: TV Show [Live Action]
The Crypt Keeper;Comedy;Comedy: TV Show [Live Action]
The Muppets;Comedy;Comedy: TV Show [Live Action]
Vince Gill;Comedy;Comedy: TV Show [Live Action]
Aaron Lewis;Country;Alternative Country
Blackhawk;Country;Alternative Country
Dixie Chicks;Country;Alternative Country
The Nitty Gritty Dirt Band;Country;Bluegrass
The Skillet Lickers;Country;Bluegrass
The Soggy Bottom Boys;Country;Bluegrass
Barry Sadler;Country;Classic Country
C.W. McCall;Country;Classic Country
Charles Manson;Country;Classic Country
Clint Black;Country;Classic Country
David Allan Coe;Country;Classic Country
Dolly Parton;Country;Classic Country
Earl Thomas Conley;Country;Classic Country
Garry Lee & Showdown;Country;Classic Country
George Strait;Country;Classic Country
Jimmy Dean;Country;Classic Country
John Michael Montgomery;Country;Classic Country
Johnny Cash;Country;Classic Country
Kenny Rogers;Country;Classic Country
Reba McEntire;Country;Classic Country
Rosanne Cash;Country;Classic Country
Tennessee Ernie Ford;Country;Classic Country
The Charlie Daniels Band;Country;Classic Country
The Highwaymen;Country;Classic Country
Waylon Jennings;Country;Classic Country
Gary Allan;Country;Contemporary Country
Paul Overstreet;Country;Contemporary Country
Toby Keith;Country;Contemporary Country
The String Cheese Incident;Country;Country: Bluegrass
Aaron Tippin;Country;Modern Country
Alan Jackson;Country;Modern Country
Anita Cochran;Country;Modern Country
Brad Paisley;Country;Modern Country
Brooks & Dunn;Country;Modern Country
Chely Wright;Country;Modern Country
Chris LeDoux;Country;Modern Country
Collin Raye;Country;Modern Country
Darius Rucker;Country;Modern Country
David Kersh;Country;Modern Country
Faith Hill;Country;Modern Country
Garth Brooks;Country;Modern Country
Jo Dee Messina;Country;Modern Country
LeAnn Rimes;Country;Modern Country
Lee Ann Womack;Country;Modern Country
Little Texas;Country;Modern Country
Lonestar;Country;Modern Country
Mark Chesnutt;Country;Modern Country
Mark Wills;Country;Modern Country
Sammy Kershaw;Country;Modern Country
Shania Twain;Country;Modern Country
SHeDAISY;Country;Modern Country
Tim McGraw;Country;Modern Country
Johnny Rebel;Country;Rockabilly
Mike Ness;Country;Rockabilly
Alabama;Country;Southern Country
Haddaway;Dance;Eurodance
La Bouche;Dance;Eurodance
Bobby Reeves;Hip-Hop/R&B;Hip-Hop
Busta Rhymes;Hip-Hop/R&B;Hip-Hop
Edsel Dope;Hip-Hop/R&B;Hip-Hop
Erik Rogers;Hip-Hop/R&B;Hip-Hop
George Clinton;Hip-Hop/R&B;Hip-Hop
Gisa Vatcky;Hip-Hop/R&B;Hip-Hop
Ice-T;Hip-Hop/R&B;Hip-Hop
Jason Miller;Hip-Hop/R&B;Hip-Hop
Joe Lesté;Hip-Hop/R&B;Hip-Hop
Puff Daddy;Hip-Hop/R&B;Hip-Hop
Ray Orpeza;Hip-Hop/R&B;Hip-Hop
Robbi Robb;Hip-Hop/R&B;Hip-Hop
Adele;Hip-Hop/R&B;R&B
Brandy;Hip-Hop/R&B;R&B
Brian McKnight;Hip-Hop/R&B;R&B
C+C Music Factory;Hip-Hop/R&B;R&B
David Guetta;Hip-Hop/R&B;R&B
En Vogue;Hip-Hop/R&B;R&B
Fugees;Hip-Hop/R&B;R&B
Janet Jackson;Hip-Hop/R&B;R&B
Rihanna;Hip-Hop/R&B;R&B
Seal;Hip-Hop/R&B;R&B
The Temptations;Hip-Hop/R&B;R&B
The Tony Rich Project;Hip-Hop/R&B;R&B
TLC;Hip-Hop/R&B;R&B
Toni Braxton;Hip-Hop/R&B;R&B
2Pac;Hip-Hop/R&B;Rap
50 Cent;Hip-Hop/R&B;Rap
Afroman;Hip-Hop/R&B;Rap
Atmosphere;Hip-Hop/R&B;Rap
Benzino;Hip-Hop/R&B;Rap
Blackstreet;Hip-Hop/R&B;Rap
Bone Thugs-N-Harmony;Hip-Hop/R&B;Rap
Canibus;Hip-Hop/R&B;Rap
Coolio;Hip-Hop/R&B;Rap
D12;Hip-Hop/R&B;Rap
DMX;Hip-Hop/R&B;Rap
Dr. Dre;Hip-Hop/R&B;Rap
Eazy-E;Hip-Hop/R&B;Rap
Emily Ellis;Hip-Hop/R&B;Rap
Eminem;Hip-Hop/R&B;Rap
Eminem ;Hip-Hop/R&B;Rap
Everlast;Hip-Hop/R&B;Rap
Game;Hip-Hop/R&B;Rap
House Of Pain;Hip-Hop/R&B;Rap
Ice Cube;Hip-Hop/R&B;Rap
Iggy Azalea;Hip-Hop/R&B;Rap
Ill Bill;Hip-Hop/R&B;Rap
Insane Clown Posse;Hip-Hop/R&B;Rap
Ja Rule;Hip-Hop/R&B;Rap
JAY Z;Hip-Hop/R&B;Rap
Jermaine Dupri;Hip-Hop/R&B;Rap
Kevin Rudolf;Hip-Hop/R&B;Rap
Kottonmouth Kings;Hip-Hop/R&B;Rap
Kris Kross;Hip-Hop/R&B;Rap
Lil Romeo, Nick Cannon & 3LW;Hip-Hop/R&B;Rap
Lil Wayne;Hip-Hop/R&B;Rap
Lil' Troy;Hip-Hop/R&B;Rap
LL Cool J;Hip-Hop/R&B;Rap
Lordz Of Brooklyn;Hip-Hop/R&B;Rap
Luniz;Hip-Hop/R&B;Rap
Makaveli;Hip-Hop/R&B;Rap
MC Hammer;Hip-Hop/R&B;Rap
N.W.A;Hip-Hop/R&B;Rap
OutKast;Hip-Hop/R&B;Rap
Run-D.M.C.;Hip-Hop/R&B;Rap
Sagat;Hip-Hop/R&B;Rap
Salt-N-Pepa;Hip-Hop/R&B;Rap
Shaggy;Hip-Hop/R&B;Rap
Sir Mix-A-Lot;Hip-Hop/R&B;Rap
Snoop Dogg;Hip-Hop/R&B;Rap
Snow;Hip-Hop/R&B;Rap
Street;Hip-Hop/R&B;Rap
Tag Team;Hip-Hop/R&B;Rap
The 2 Live Crew;Hip-Hop/R&B;Rap
Tone-Lōc;Hip-Hop/R&B;Rap
Trick Daddy;Hip-Hop/R&B;Rap
Vanilla Ice;Hip-Hop/R&B;Rap
Wax;Hip-Hop/R&B;Rap
Will Smith;Hip-Hop/R&B;Rap
Wyclef Jean;Hip-Hop/R&B;Rap
Xzibit;Hip-Hop/R&B;Rap
Beastie Boys;Metal;Nu-Metal
Acoustic Rescue.;Instrumental;Instrumental [Acoustic]
Andy McKee;Instrumental;Instrumental [Acoustic]
2Cellos;Instrumental;Instrumental: [Cello]
Casper Smit;Instrumental;Instrumental: [Covers]
Al Pitrelli, Andy Timmons, Brad Gillis & John Petrucci;Instrumental;Instrumental: [Guitar]
Al Pitrelli, Andy Timmons, Brad Gillis & Reb Beach;Instrumental;Instrumental: [Guitar]
Al Pitrelli, Andy Timmons, Brad Gillis, Michael Lee Firkins & Steve Morse;Instrumental;Instrumental: [Guitar]
Al Pitrelli, Brad Gillis, John Petrucci, Michael Lee Firkins, Reb Beach & Steve Morse;Instrumental;Instrumental: [Guitar]
Al Pitrelli, George Lynch, John Petrucci, Michael Lee Firkins & Reb Beach;Instrumental;Instrumental: [Guitar]
Al Pitrelli, George Lynch, Michael Lee Firkins, Reb BeachSteve Morse;Instrumental;Instrumental: [Guitar]
JerryC;Instrumental;Instrumental: [Guitar]
Steve Vai;Instrumental;Instrumental: [Hard Rock]
Marty Friedman;Instrumental;Instrumental: [Heavy Metal]
Michael Angelo Batio;Instrumental;Instrumental: [Heavy Metal]
NESkimos;Instrumental;Instrumental: [Heavy Metal]
The Piano Guys;Instrumental;Instrumental: [Piano]
Morte Macabre;Instrumental;Instrumental: [Progressive Rock]
Nobuo Uematsu;Instrumental;Instrumental: [Video Game]
Taylor Davis;Instrumental;Instrumental: [Video Game]
Studio All-Stars;Instrumental;Instrumental: Chill Out Style
CSGuitar89;Instrumental;Instrumental: Video Game [Guitar]
Joe Barnes;Interview;Interview
The Genghis and Ragman Show;Interview;Interview
Jon Oliva;Interviews;Metal: Interviews
Seth MacFarlane;Jazz;Swing
The Brian Setzer Orchestra;Jazz;Swing
Art Barduhn;Kids;Children
The Penguins of Madagascar;Kids;Holiday: Christmas
David Lucas Burge;Lessons;Lessons: Perfect Pitch
Lightning Round;Lessons;Lessons: Perfect Pitch
Relative Pitch Ear Training Super Course;Lessons;Lessons: Relative Pitch
Brett Manning;Lessons;Lessons: Vocal
LearnXen;Lessons;Lessons: Vocal (Personal Lessons)
Sound Test;Lessons;Lessons: Vocal Lessons
Spelling Test;Lessons;Lessons: Vocal Lessons
4-Thirteen;Local Utah Music;Local Utah Music
4saken1;Local Utah Music;Local Utah Music
4Saken1;Local Utah Music;Local Utah Music
A Balance of Power;Local Utah Music;Local Utah Music
A Cassandra Utterance;Local Utah Music;Local Utah Music
A Fist Full of Fingers;Local Utah Music;Local Utah Music
A Killing Dove (Washington);Local Utah Music;Local Utah Music
Abby Normal;Local Utah Music;Local Utah Music
Addam - Wuddawaste;Local Utah Music;Local Utah Music
Addishole;Local Utah Music;Local Utah Music
Allyptic;Local Utah Music;Local Utah Music
Almost Never;Local Utah Music;Local Utah Music
Amber Alert;Local Utah Music;Local Utah Music
And Embers Rise;Local Utah Music;Local Utah Music
AngelFelt;Local Utah Music;Local Utah Music
Arsenic Addiction;Local Utah Music;Local Utah Music
Aura Surreal;Local Utah Music;Local Utah Music
Autostigmatic;Local Utah Music;Local Utah Music
Autumn Eclipse;Local Utah Music;Local Utah Music
Babble Rabbit;Local Utah Music;Local Utah Music
Bad Boys;Local Utah Music;Local Utah Music
BadStrip (California);Local Utah Music;Local Utah Music
Ben Bailey;Local Utah Music;Local Utah Music
Beneath Red Rock;Local Utah Music;Local Utah Music
Bens Jazz Kit (Washington);Local Utah Music;Local Utah Music
Bitter Black;Local Utah Music;Local Utah Music
Blind Iris;Local Utah Music;Local Utah Music
Blinded By Truth;Local Utah Music;Local Utah Music
Blu-D - Vil;Local Utah Music;Local Utah Music
Blue Fix;Local Utah Music;Local Utah Music
Brake Vegas;Local Utah Music;Local Utah Music
Broke City;Local Utah Music;Local Utah Music
Buddha Pie;Local Utah Music;Local Utah Music
Cave of Roses;Local Utah Music;Local Utah Music
CCW (Dama-Ged);Local Utah Music;Local Utah Music
Centrevol (California);Local Utah Music;Local Utah Music
Christopher Westpark;Local Utah Music;Local Utah Music
Cirkus;Local Utah Music;Local Utah Music
Clockwork Illusion;Local Utah Music;Local Utah Music
Cold Forty Three (California);Local Utah Music;Local Utah Music
Crutch Money;Local Utah Music;Local Utah Music
Daemos;Local Utah Music;Local Utah Music
Dagan;Local Utah Music;Local Utah Music
Daniel Murtaugh;Local Utah Music;Local Utah Music
Darkblood;Local Utah Music;Local Utah Music
DarkNES;Local Utah Music;Local Utah Music
Darrell (of Meat);Local Utah Music;Local Utah Music
Dawg Pound;Local Utah Music;Local Utah Music
Dean Station (New Mexico);Local Utah Music;Local Utah Music
Dear Stranger;Local Utah Music;Local Utah Music
Death After Life;Local Utah Music;Local Utah Music
Denotes (ID);Local Utah Music;Local Utah Music
Denots (Idaho);Local Utah Music;Local Utah Music
Deny Your Faith;Local Utah Music;Local Utah Music
DevXen;Local Utah Music;Local Utah Music
DevXile;Local Utah Music;Local Utah Music
Different Breed;Local Utah Music;Local Utah Music
Dirty Berty;Local Utah Music;Local Utah Music
Distal;Local Utah Music;Local Utah Music
Doctor X;Local Utah Music;Local Utah Music
Dream Cycle;Local Utah Music;Local Utah Music
Drifen;Local Utah Music;Local Utah Music
Drool;Local Utah Music;Local Utah Music
Drooling Dogs;Local Utah Music;Local Utah Music
Drop Dead Julio;Local Utah Music;Local Utah Music
Dulcesky;Local Utah Music;Local Utah Music
ENDever (MT);Local Utah Music;Local Utah Music
Eric (of Idiocracy;Local Utah Music;Local Utah Music
Eric (of Idiocracy);Local Utah Music;Local Utah Music
Eric (of idiocracy);Local Utah Music;Local Utah Music
Eric (of Idiocracy);Local Utah Music;Local Utah Music
Erratic Erotica;Local Utah Music;Local Utah Music
Eye II Eye;Local Utah Music;Local Utah Music
Eye II Eye (Pre-DevXen);Local Utah Music;Local Utah Music
Fear of Rejection;Local Utah Music;Local Utah Music
Fourteen Days From Forever;Local Utah Music;Local Utah Music
Fox Van Cleef;Local Utah Music;Local Utah Music
Funk Fu;Local Utah Music;Local Utah Music
Funnel Head;Local Utah Music;Local Utah Music
GawdZye;Local Utah Music;Local Utah Music
Grim Prophecy;Local Utah Music;Local Utah Music
Hard Knox;Local Utah Music;Local Utah Music
Harlot;Local Utah Music;Local Utah Music
Hero's Last Mission (California);Local Utah Music;Local Utah Music
Hooga;Local Utah Music;Local Utah Music
Hostyle;Local Utah Music;Local Utah Music
Hour 13;Local Utah Music;Local Utah Music
I Am The;Local Utah Music;Local Utah Music
Idiocracy;Local Utah Music;Local Utah Music
Incidious;Local Utah Music;Local Utah Music
Inspiration 4 Insanity;Local Utah Music;Local Utah Music
Interwined;Local Utah Music;Local Utah Music
Ivy League;Local Utah Music;Local Utah Music
Jason Adamo;Local Utah Music;Local Utah Music
Jed;Local Utah Music;Local Utah Music
Jesus Rides a Rik'sha;Local Utah Music;Local Utah Music
Jhonny K;Local Utah Music;Local Utah Music
Joey Cougar & The Starfish;Local Utah Music;Local Utah Music
Josh Nielsen;Local Utah Music;Local Utah Music
Karl Marx;Local Utah Music;Local Utah Music
Katagory V;Local Utah Music;Local Utah Music
Katalyst of Disaster;Local Utah Music;Local Utah Music
Kber All Stars;Local Utah Music;Local Utah Music
Kevin Burdick;Local Utah Music;Local Utah Music
King Tree;Local Utah Music;Local Utah Music
Korene And The Great Danes;Local Utah Music;Local Utah Music
Kyndldreem (Wyoming);Local Utah Music;Local Utah Music
Let's Become Actors;Local Utah Music;Local Utah Music
Level;Local Utah Music;Local Utah Music
Lid (Washington);Local Utah Music;Local Utah Music
Lidsore;Local Utah Music;Local Utah Music
Live In Prequil;Local Utah Music;Local Utah Music
Lorin Cook;Local Utah Music;Local Utah Music
Loss of Existence;Local Utah Music;Local Utah Music
Lotus Ferrari;Local Utah Music;Local Utah Music
Malignant Inception;Local Utah Music;Local Utah Music
MANIproject;Local Utah Music;Local Utah Music
Mark Brotherson;Local Utah Music;Local Utah Music
Massacre At The Wake;Local Utah Music;Local Utah Music
Me First and the Gimme Gimmies;Local Utah Music;Local Utah Music
Means Nothing;Local Utah Music;Local Utah Music
Meat;Local Utah Music;Local Utah Music
Meat Wagon;Local Utah Music;Local Utah Music
Melissa Kelley;Local Utah Music;Local Utah Music
Melodramus;Local Utah Music;Local Utah Music
Melody Pulsipher;Local Utah Music;Local Utah Music
Mesa Drive;Local Utah Music;Local Utah Music
Metal Tears;Local Utah Music;Local Utah Music
Monarch;Local Utah Music;Local Utah Music
Mordechai;Local Utah Music;Local Utah Music
Mud;Local Utah Music;Local Utah Music
Mury;Local Utah Music;Local Utah Music
My Own Time;Local Utah Music;Local Utah Music
Necrophacus;Local Utah Music;Local Utah Music
Never Before;Local Utah Music;Local Utah Music
Nice;Local Utah Music;Local Utah Music
Nine Even (California);Local Utah Music;Local Utah Music
Nopium;Local Utah Music;Local Utah Music
Occidis;Local Utah Music;Local Utah Music
Off The Veil;Local Utah Music;Local Utah Music
OldTimer;Local Utah Music;Local Utah Music
Osiris;Local Utah Music;Local Utah Music
Patti;Local Utah Music;Local Utah Music
Peace & Quiet;Local Utah Music;Local Utah Music
Poetica;Local Utah Music;Local Utah Music
Postriot;Local Utah Music;Local Utah Music
Prizm;Local Utah Music;Local Utah Music
Prizoner;Local Utah Music;Local Utah Music
Ravings of A Madman;Local Utah Music;Local Utah Music
Resurrection;Local Utah Music;Local Utah Music
Reveeler;Local Utah Music;Local Utah Music
Reverse Halo Effect (Tennesse);Local Utah Music;Local Utah Music
Riksha;Local Utah Music;Local Utah Music
RipChain (Idaho);Local Utah Music;Local Utah Music
RipChain & Idiocracy;Local Utah Music;Local Utah Music
Royal Blis;Local Utah Music;Local Utah Music
Royal Bliss;Local Utah Music;Local Utah Music
Ruckus (California);Local Utah Music;Local Utah Music
Ruyn;Local Utah Music;Local Utah Music
Sawed off Smile;Local Utah Music;Local Utah Music
Separation of Self;Local Utah Music;Local Utah Music
Seraphim (Mississippi);Local Utah Music;Local Utah Music
Set Aflame (Texas);Local Utah Music;Local Utah Music
Seventking;Local Utah Music;Local Utah Music
Shadowseer;Local Utah Music;Local Utah Music
Shredbettie;Local Utah Music;Local Utah Music
Shredmill;Local Utah Music;Local Utah Music
Simple As Suicide;Local Utah Music;Local Utah Music
Skychange;Local Utah Music;Local Utah Music
Smokin' Blues Band;Local Utah Music;Local Utah Music
Societys Child;Local Utah Music;Local Utah Music
Somewhat Random;Local Utah Music;Local Utah Music
Sonic Prophecy;Local Utah Music;Local Utah Music
Still-Born;Local Utah Music;Local Utah Music
Sunset Strip;Local Utah Music;Local Utah Music
Super So Far;Local Utah Music;Local Utah Music
Swagger;Local Utah Music;Local Utah Music
Swirl (California);Local Utah Music;Local Utah Music
Synapse Deffect (Georgia);Local Utah Music;Local Utah Music
Tanis;Local Utah Music;Local Utah Music
The Brobecks;Local Utah Music;Local Utah Music
The Eden Express;Local Utah Music;Local Utah Music
The Explicit;Local Utah Music;Local Utah Music
The Fully Blown;Local Utah Music;Local Utah Music
The Fuzz Plugz;Local Utah Music;Local Utah Music
The GT's;Local Utah Music;Local Utah Music
The Krypled;Local Utah Music;Local Utah Music
The Mark Sexton Band (Nevada);Local Utah Music;Local Utah Music
The Market;Local Utah Music;Local Utah Music
The Mighty Curse;Local Utah Music;Local Utah Music
The New Black 7;Local Utah Music;Local Utah Music
The Obliterate Plague;Local Utah Music;Local Utah Music
The Patato Pirates (Colorado);Local Utah Music;Local Utah Music
The Street;Local Utah Music;Local Utah Music
The Veil Between (California);Local Utah Music;Local Utah Music
The Waters Deep Here;Local Utah Music;Local Utah Music
Theoria (California);Local Utah Music;Local Utah Music
Three Reasons;Local Utah Music;Local Utah Music
Tired Life;Local Utah Music;Local Utah Music
To The Death;Local Utah Music;Local Utah Music
Tom Vollman (Wisconsin);Local Utah Music;Local Utah Music
Tommy Had a Vision;Local Utah Music;Local Utah Music
Tough Tittie;Local Utah Music;Local Utah Music
Transient;Local Utah Music;Local Utah Music
Truce;Local Utah Music;Local Utah Music
Tyler Douglass, Kevin Goldberg, Scottie Lee;Local Utah Music;Local Utah Music
Typhoid Mary;Local Utah Music;Local Utah Music
Uncle Scam;Local Utah Music;Local Utah Music
Uncomfortable Silence;Local Utah Music;Local Utah Music
Undun;Local Utah Music;Local Utah Music
Unthinkable Thoughts;Local Utah Music;Local Utah Music
Until Further Notice;Local Utah Music;Local Utah Music
Various Artists;Local Utah Music;Local Utah Music
Velnias;Local Utah Music;Local Utah Music
Vengeance (MT);Local Utah Music;Local Utah Music
Vernicious Knid;Local Utah Music;Local Utah Music
Vertical Skinny;Local Utah Music;Local Utah Music
Vicious Starfish;Local Utah Music;Local Utah Music
Victim Effect;Local Utah Music;Local Utah Music
Vinia;Local Utah Music;Local Utah Music
Visionary;Local Utah Music;Local Utah Music
Vocative;Local Utah Music;Local Utah Music
Wicked Season;Local Utah Music;Local Utah Music
Wicken Fenn;Local Utah Music;Local Utah Music
Wild Weasel;Local Utah Music;Local Utah Music
Will Prater;Local Utah Music;Local Utah Music
WuddaWaste Drum Track 2008;Local Utah Music;Local Utah Music
Yayo;Local Utah Music;Local Utah Music
Alex Gibson;Lullaby;Lullaby Rendition
Andrew Bissell;Lullaby;Lullaby Rendition
Dennis Caplinger;Lullaby;Lullaby Rendition
Jeffrey Miner;Lullaby;Lullaby Rendition
Jordan Lansburg;Lullaby;Lullaby Rendition
Leo Flynn II;Lullaby;Lullaby Rendition
Michael Armstrong;Lullaby;Lullaby Rendition
Rockabye Baby!;Lullaby;Lullaby Rendition
Steven Charles Boone;Lullaby;Lullaby Rendition
Billy Idol Vs. White Zombie;Mashup;Mashup: [Heavy Metal]
Bon Jovi And More;Mashup;Mashup: [Heavy Metal]
Bon Jovi Vs. OneRepublic;Mashup;Mashup: [Heavy Metal]
Carly Rae Jepsen Vs. Katy Perry;Mashup;Mashup: [Heavy Metal]
Celine Dion Vs. Eminem;Mashup;Mashup: [Heavy Metal]
Dance Mix;Mashup;Mashup: [Heavy Metal]
Dance Mix ;Mashup;Mashup: [Heavy Metal]
Drowning Pool Vs. Rebecca Black;Mashup;Mashup: [Heavy Metal]
Eminem Vs. Celine Dion;Mashup;Mashup: [Heavy Metal]
Gwen Stefani Vs. Vanilla Ice;Mashup;Mashup: [Rap vs. Pop]
Iron Priest;Mashup;Mashup: [Heavy Metal]
Jessie J vs Katy Perry;Mashup;Mashup: [Heavy Metal]
Joe Lynn Turner;Mashup;Mashup: [Heavy Metal]
Judas Maiden;Mashup;Mashup: [Heavy Metal]
Justin Bieber vs Village People mashup;Mashup;Mashup: [Heavy Metal]
Justin Bieber Vs. Village People;Mashup;Mashup: [Heavy Metal]
Linkin Park Vs. Joan Osborne;Mashup;Mashup: [Heavy Metal]
Megatallica;Mashup;Mashup: [Heavy Metal]
Metallica;Mashup;Mashup: [Heavy Metal]
Metallica Vs. Bill Haley & The Comets;Mashup;Mashup: [Heavy Metal]
Metallideth;Mashup;Mashup: [Heavy Metal]
NWA;Mashup;Mashup: [Heavy Metal]
One Direction Vs. Puddle of Mudd;Mashup;Mashup: [Heavy Metal]
RHCP Vs. Queen & David Bowie;Mashup;Mashup: [Heavy Metal]
TaskMaster;Mashup;Mashup: [Heavy Metal]
TV Mashup;Mashup;Mashup: [TV]
Van Halen Vss House of Pain;Mashup;Mashup: [Heavy Metal]
Nine Inch Nails;Mashup;Mashup: [Alternative Pop]
Van Canto;Metal;A Cappella: Power Metal
Vocalis;Metal;A Cappella: Power Metal
Avenged Sevenfold;Metal;Alternative Metal
Breed 77;Metal;Alternative Metal
Corey Taylor;Metal;Alternative Metal
Life Of Agony;Metal;Alternative Metal
Seasons After;Metal;Alternative Metal
Sevendust;Metal;Alternative Metal
Stone Sour;Metal;Alternative Metal
System Of A Down;Metal;Alternative Metal
Tool;Metal;Alternative Metal
Cradle Of Filth;Metal;Death Metal
Dethklok;Metal;Death Metal
Anathema;Metal;Doom Metal
Disbelief;Metal;Doom Metal
Eyehategod;Metal;Doom Metal
Nemesis;Metal;Doom Metal
Yakuza;Metal;Experimental Metal
Korpiklaani;Metal;Folk Metal
Primus;Metal;Funk Metal
After Forever;Metal;Gothic Metal
Atrocity;Metal;Gothic Metal
Blutengel;Metal;Gothic Metal
Entwine;Metal;Gothic Metal
Havayoth;Metal;Gothic Metal
Lacuna Coil;Metal;Gothic Metal
Leaves' Eyes;Metal;Gothic Metal
Lullacry;Metal;Gothic Metal
Marilyn Manson;Metal;Gothic Metal
Moonspell;Metal;Gothic Metal
Sentenced;Metal;Gothic Metal
Sirenia;Metal;Gothic Metal
Theatre Of Tragedy;Metal;Gothic Metal
Tiamat;Metal;Gothic Metal
To/Die/For;Metal;Gothic Metal
Type O Negative;Metal;Gothic Metal
Faith No More;Hard Rock;Hard Rock
Lemmy Kilmister;Hard Rock;Hard Rock
Pretty Maids;Hard Rock;Hard Rock
Queensrÿche;Hard Rock;Hard Rock
Atreyu;Metal;Hardcore
Botch;Metal;Hardcore
Bullet For My Valentine;Metal;Hardcore
Children Of Bodom;Metal;Hardcore
Earth Crisis;Metal;Hardcore
Evergreen Terrace;Metal;Hardcore
It Dies Today;Metal;Hardcore
Sever Your Ties;Metal;Hardcore
The Agony Scene;Metal;Hardcore
Accept;Metal;Heavy Metal
Adele vs Evanescence;Metal;Heavy Metal
Adrenaline Mob;Metal;Heavy Metal
Anvil;Metal;Heavy Metal
Arch Enemy;Metal;Heavy Metal
Armored Saint;Metal;Heavy Metal
ArThRoPod;Metal;Heavy Metal
Arwen;Metal;Heavy Metal
Avatar;Metal;Heavy Metal
Axel Rudi Pell;Metal;Heavy Metal
Axenstar;Metal;Heavy Metal
Behemoth;Metal;Heavy Metal
Beto Vázquez Infinity;Metal;Heavy Metal
Billy Sheehan;Metal;Heavy Metal
Black Label Society;Metal;Heavy Metal
Black Sabbath;Metal;Heavy Metal
Black Tide;Metal;Heavy Metal
Blitzkrieg;Metal;Heavy Metal
Body Count;Metal;Heavy Metal
Bol TrouE;Metal;Heavy Metal
Borknagar;Metal;Heavy Metal
Bruce Dickinson;Metal;Heavy Metal
Burden Of Grief;Metal;Heavy Metal
Cacophony;Metal;Heavy Metal
Callejon;Metal;Heavy Metal
Celesty;Metal;Heavy Metal
Chris Jericho;Metal;Heavy Metal
Chris Poland;Metal;Heavy Metal
Chuck Billy;Metal;Heavy Metal
Corrosion Of Conformity;Metal;Heavy Metal
Coven;Metal;Heavy Metal
Crematory;Metal;Heavy Metal
Crimson Glory;Metal;Heavy Metal
crystal viper;Metal;Heavy Metal
Danzig;Metal;Heavy Metal
Dark Age;Metal;Heavy Metal
Dark Tranquillity;Metal;Heavy Metal
Dave Mustaine;Metal;Heavy Metal
Death Angel;Metal;Heavy Metal
Dee Snider;Metal;Heavy Metal
Destruction;Metal;Heavy Metal
DevilDriver;Metal;Heavy Metal
Dez Fafara;Metal;Heavy Metal
Diamond Head;Metal;Heavy Metal
Die Apokalyptischen Reiter;Metal;Heavy Metal
Digger;Metal;Heavy Metal
Dio;Metal;Heavy Metal
Dio Disciples;Metal;Heavy Metal
Doro;Metal;Heavy Metal
Doug Pinnick;Metal;Heavy Metal
Down;Metal;Heavy Metal
Dragonland;Metal;Heavy Metal
Dreadful Shadows;Metal;Heavy Metal
Driver;Metal;Heavy Metal
Elias Soriano;Metal;Heavy Metal
Enemy Logic;Metal;Heavy Metal
Eric Bloom;Metal;Heavy Metal
F5;Metal;Heavy Metal
Fight;Metal;Heavy Metal
Finntroll;Metal;Heavy Metal
Flotsam And Jetsam;Metal;Heavy Metal
Fozzy;Metal;Heavy Metal
Freternia;Metal;Heavy Metal
Geoff Tate;Metal;Heavy Metal
Godsmack;Metal;Heavy Metal
Graham Bonnet;Metal;Heavy Metal
Grave Digger;Metal;Heavy Metal
Green Jellö;Metal;Heavy Metal
Grim Reaper;Metal;Heavy Metal
Grimey L;Metal;Heavy Metal
Gumbi;Metal;Heavy Metal
Halford;Metal;Heavy Metal
Harem Scarem;Metal;Heavy Metal
Hear 'N Aid;Metal;Heavy Metal
Hellacopters;Metal;Heavy Metal
Helloween;Metal;Heavy Metal
Hellyeah;Metal;Heavy Metal
Highlord;Metal;Heavy Metal
Holocaust;Metal;Heavy Metal
Host;Metal;Heavy Metal
Hypocrisy;Metal;Heavy Metal
Icarus Witch;Metal;Heavy Metal
ICS Vortex;Metal;Heavy Metal
Impellitteri;Metal;Heavy Metal
In Flames;Metal;Heavy Metal
Iommi;Metal;Heavy Metal
Iron Maiden;Metal;Heavy Metal
Iron Savior;Metal;Heavy Metal
Jeff Scott Soto;Metal;Heavy Metal
Johnny C&U2;Metal;Heavy Metal
Jon Oliva's Pain;Metal;Heavy Metal
Judas Priest;Metal;Heavy Metal
Killswitch Engage;Metal;Heavy Metal
King Diamond;Metal;Heavy Metal
Lajon Witherspoon;Metal;Heavy Metal
Lonnie Jordan;Metal;Heavy Metal
Manimal;Metal;Heavy Metal
Manowar;Metal;Heavy Metal
Marq Torien;Metal;Heavy Metal
Max Morton;Metal;Heavy Metal
Medieval Steel;Metal;Heavy Metal
Mercyful Fate;Metal;Heavy Metal
Metal Church;Metal;Heavy Metal
Motorhead;Metal;Heavy Metal
Motörhead;Metal;Heavy Metal
Motorjesus;Metal;Heavy Metal
Neaera;Metal;Heavy Metal
Newsted;Metal;Heavy Metal
Oni Logan;Metal;Heavy Metal
Ozzy Osbourne;Metal;Heavy Metal
Page Hamilton;Metal;Heavy Metal
Pamela Moore;Metal;Heavy Metal
Paragon;Metal;Heavy Metal
Paul Di'Anno;Metal;Heavy Metal
Perry Farrell & DVDA;Metal;Heavy Metal
Pist.On;Metal;Heavy Metal
Pist*On;Metal;Heavy Metal
Powergod;Metal;Heavy Metal
Praying Mantis;Metal;Heavy Metal
Primal Fear;Metal;Heavy Metal
Priya Panda;Metal;Heavy Metal
Quiet Riot;Metal;Heavy Metal
Rage;Metal;Heavy Metal
Rat Attack;Metal;Heavy Metal
Raven;Metal;Heavy Metal
Rebel Meets Rebel;Metal;Heavy Metal
Red Wine;Metal;Heavy Metal
Rob Halford;Metal;Heavy Metal
Saxon;Metal;Heavy Metal
Sepultura;Metal;Heavy Metal
Sinner;Metal;Heavy Metal
Sodom;Metal;Heavy Metal
Soilwork;Metal;Heavy Metal
Somnus;Metal;Heavy Metal
Steel Attack;Metal;Heavy Metal
Steel Dragon;Metal;Heavy Metal
Steve Grimmett;Metal;Heavy Metal
Sully Erna;Metal;Heavy Metal
SummerFlu (Henry Font);Metal;Heavy Metal
Sup;Metal;Heavy Metal
Sweet Savage;Metal;Heavy Metal
Tarot;Metal;Heavy Metal
Ten Masked Men;Metal;Heavy Metal
Testament;Metal;Heavy Metal
The Iron Maidens;Metal;Heavy Metal
The Jackals;Metal;Heavy Metal
The New Black;Metal;Heavy Metal
The Sword;Metal;Heavy Metal
The Widders;Metal;Heavy Metal
Therion;Metal;Heavy Metal
Tim "Ripper" Owens;Metal;Heavy Metal
Toxoplasma;Metal;Heavy Metal
Trauma;Metal;Heavy Metal
Tricky;Metal;Heavy Metal
Trivium;Metal;Heavy Metal
U.D.O.;Metal;Heavy Metal
Vhäldemar;Metal;Heavy Metal
Virgin Steele;Metal;Heavy Metal
Volbeat;Metal;Heavy Metal
Vyper;Metal;Heavy Metal
Warlock;Metal;Heavy Metal
White Wizzard;Metal;Heavy Metal
White Zombie;Metal;Heavy Metal
Widowmaker;Metal;Heavy Metal
Witchmaster;Metal;Heavy Metal
Yngwie J. Malmsteen;Metal;Heavy Metal
Your Demise;Metal;Heavy Metal
Zakk Wylde;Metal;Heavy Metal
2wo;Metal;Industrial Metal
Celldweller;Metal;Industrial Metal
Criss Angel;Metal;Industrial Metal
Deadstar Assembly;Metal;Industrial Metal
Deadsy;Metal;Industrial Metal
Device;Metal;Industrial Metal
Die Krupps;Metal;Industrial Metal
Dope;Metal;Industrial Metal
Fear Factory;Metal;Industrial Metal
Filter;Metal;Industrial Metal
Gravity Kills;Metal;Industrial Metal
Killing Joke;Metal;Industrial Metal
KMFDM;Metal;Industrial Metal
Laibach;Metal;Industrial Metal
Lollipop Lust Kill;Metal;Industrial Metal
Mindless Self Indulgence;Metal;Industrial Metal
Ministry;Metal;Industrial Metal
Ministry And Co-Conspirators;Metal;Industrial Metal
One-Way Mirror;Metal;Industrial Metal
Orbital;Metal;Industrial Metal
Orgy;Metal;Industrial Metal
Powerman 5000;Metal;Industrial Metal
Psychic TV;Metal;Industrial Metal
Puscifer;Metal;Industrial Metal
Rammstein;Metal;Industrial Metal
Raunchy;Metal;Industrial Metal
Rob Zombie;Metal;Industrial Metal
Snake River Conspiracy;Metal;Industrial Metal
Stabbing Westward;Metal;Industrial Metal
The Defiled;Metal;Industrial Metal
Torsten Rasch;Metal;Industrial Metal
Zeromancer;Metal;Industrial Metal
Hellsongs;Metal;Lounge Metal
Crazy Town;Metal;Nu-Metal
David Draiman;Metal;Nu-Metal
Deftones;Metal;Nu-Metal
Disturbed;Metal;Nu-Metal
Drowning Pool;Metal;Nu-Metal
Exilia;Metal;Nu-Metal
Factory 81;Metal;Nu-Metal
Hollywood Undead;Metal;Nu-Metal
Hybrid Theory [Pre-Linkin Park];Metal;Nu-Metal
Ill Niño;Metal;Nu-Metal
Kid Rock;Metal;Nu-Metal
Kittie;Metal;Nu-Metal
Korn;Metal;Nu-Metal
KoRn;Metal;Nu-Metal
Korn;Metal;Nu-Metal
Limp Bizkit;Metal;Nu-Metal
Linkin Park;Metal;Nu-Metal
Mudvayne;Metal;Nu-Metal
Mushroomhead;Metal;Nu-Metal
Nonpoint;Metal;Nu-Metal
P.O.D.;Metal;Nu-Metal
Papa Roach;Metal;Nu-Metal
Slipknot;Metal;Nu-Metal
Snot;Metal;Nu-Metal
Taproot;Metal;Nu-Metal
The Union Underground;Metal;Nu-Metal
Aina;Metal;Power Metal
Alestorm;Metal;Power Metal
Almah;Metal;Power Metal
Altaria;Metal;Power Metal
Angel Dust;Metal;Power Metal
Angra;Metal;Power Metal
Annihilator;Metal;Power Metal
Arcane (AUS);Metal;Power Metal
Astral Doors;Metal;Power Metal
At Vance;Metal;Power Metal
Athorn;Metal;Power Metal
Avantasia;Metal;Power Metal
Avatar (Pre-Savatage);Metal;Power Metal
Axxis;Metal;Power Metal
Ayreon;Metal;Power Metal
Beyond Fear;Metal;Power Metal
Blind Guardian;Metal;Power Metal
Brainstorm;Metal;Power Metal
Catch the Rainbow;Metal;Power Metal
Charred Walls Of The Damned;Metal;Power Metal
Chris Caffery;Metal;Power Metal
Circle II Circle;Metal;Power Metal
Crown of Thorns;Metal;Power Metal
Crystal Eyes;Metal;Power Metal
Dan Swanö / Peter Tägtgren;Metal;Power Metal
Dawn Of Destiny;Metal;Power Metal
Demons & Wizards;Metal;Power Metal
Destiny's End;Metal;Power Metal
Doctor Butcher;Metal;Power Metal
Domain;Metal;Power Metal
Dragonforce;Metal;Power Metal
DragonForce;Metal;Power Metal
Dream Evil;Metal;Power Metal
Eden's Curse;Metal;Power Metal
Edge Of Paradise;Metal;Power Metal
Edguy;Metal;Power Metal
Empires Of Eden;Metal;Power Metal
Enola Gay;Metal;Power Metal
Evergrey;Metal;Power Metal
Evil Masquerade;Metal;Power Metal
Falconer;Metal;Power Metal
Fates Warning;Metal;Power Metal
Firewind;Metal;Power Metal
Galloglass;Metal;Power Metal
Gamma Ray;Metal;Power Metal
Gods Of Fire;Metal;Power Metal
Gothic Knights;Metal;Power Metal
HammerFall;Metal;Power Metal
Heavenly;Metal;Power Metal
Herman Frank;Metal;Power Metal
Holy Mother;Metal;Power Metal
Hypersonic;Metal;Power Metal
Iced Earth;Metal;Power Metal
Infinity Overture;Metal;Power Metal
InnerWish;Metal;Power Metal
Innerwish;Metal;Power Metal
Insania;Metal;Power Metal
Intense;Metal;Power Metal
Iron Fire;Metal;Power Metal
Iron Mask;Metal;Power Metal
Jacobs Dream;Metal;Power Metal
Jag Panzer;Metal;Power Metal
Jorn;Metal;Power Metal
Kamelot;Metal;Power Metal
Kotipelto;Metal;Power Metal
Leverage;Metal;Power Metal
Machines Of Grace;Metal;Power Metal
Maegi;Metal;Power Metal
Magica;Metal;Power Metal
Mägo De Oz;Metal;Power Metal
Manticora;Metal;Power Metal
Masterplan;Metal;Power Metal
Metalium;Metal;Power Metal
Mob Rules;Metal;Power Metal
Mystic Prophecy;Metal;Power Metal
Nightmare;Metal;Power Metal
Nikolo Kotzev;Metal;Power Metal
Nocturnal Rites;Metal;Power Metal
Norther;Metal;Power Metal
Oliva;Metal;Power Metal
Pegazus;Metal;Power Metal
Perzonal War;Metal;Power Metal
Powerglove;Metal;Power Metal
Psycrence;Metal;Power Metal
Pyramaze;Metal;Power Metal
Raintime;Metal;Power Metal
RAM;Metal;Power Metal
Rebellion;Metal;Power Metal
Revolution Renaissance;Metal;Power Metal
Rhapsody Of Fire;Metal;Power Metal
Rob Rock;Metal;Power Metal
Ross The Boss;Metal;Power Metal
Royal Jester;Metal;Power Metal
Russell Allen;Metal;Power Metal
Russell Allen / Jørn Lande;Metal;Power Metal
Sabaton;Metal;Power Metal
Sanctuary;Metal;Power Metal
Savage Circus;Metal;Power Metal
Savatage;Metal;Power Metal
Serenity;Metal;Power Metal
Seven Witches;Metal;Power Metal
Sinergy;Metal;Power Metal
Solitude Aeturnus;Metal;Power Metal
Sonata Arctica;Metal;Power Metal
Sons Of Liberty;Metal;Power Metal
Sons of Liberty;Metal;Power Metal
Soulspell;Metal;Power Metal
Steel Prophet;Metal;Power Metal
StormWarrior;Metal;Power Metal
Stratovarius;Metal;Power Metal
Symphony X;Metal;Power Metal
Thunderstone;Metal;Power Metal
Timo Tolkki;Metal;Power Metal
Timo Tolkki's Avalon;Metal;Power Metal
Triosphere;Metal;Power Metal
Turisas;Metal;Power Metal
Unrest;Metal;Power Metal
Virtuocity;Metal;Power Metal
Warrel Dane;Metal;Power Metal
Winters Bane;Metal;Power Metal
Wolfpakk;Metal;Power Metal
Zonata;Metal;Power Metal
Abydos;Metal;Progressive Metal
Adagio;Metal;Progressive Metal
Age Of Nemesis;Metal;Progressive Metal
Amorphis;Metal;Progressive Metal
Andromeda;Metal;Progressive Metal
Andy Rowland & Ant Law;Metal;Progressive Metal
Anubis Gate;Metal;Progressive Metal
Arjen Anthony Lucassen;Metal;Progressive Metal
Ark;Metal;Progressive Metal
Artension;Metal;Progressive Metal
Between The Buried And Me;Metal;Progressive Metal
Beyond Twilight;Metal;Progressive Metal
Brian Wherry;Metal;Progressive Metal
Daisuke Kurosawa;Metal;Progressive Metal
Death;Metal;Progressive Metal
Derek Sherinian;Metal;Progressive Metal
Devin Townsend;Metal;Progressive Metal
Dream Theater;Metal;Progressive Metal
Eric Clemenzi;Metal;Progressive Metal
Eternity X;Metal;Progressive Metal
Green Carnation;Metal;Progressive Metal
Halcyon Way;Metal;Progressive Metal
Into Eternity;Metal;Progressive Metal
James LaBrie;Metal;Progressive Metal
Jeff Loomis;Metal;Progressive Metal
John Petrucci;Metal;Progressive Metal
John Petrucci & Jordan Rudess;Metal;Progressive Metal
Lana Lane;Metal;Progressive Metal
Linear Sphere Theater;Metal;Progressive Metal
Mastodon;Metal;Progressive Metal
Millenium;Metal;Progressive Metal
Mundanus Imperium;Metal;Progressive Metal
Nevermore;Metal;Progressive Metal
Opeth;Metal;Progressive Metal
Orphaned Land;Metal;Progressive Metal
Pain Of Salvation;Metal;Progressive Metal
Protest The Hero;Metal;Progressive Metal
Redemption;Metal;Progressive Metal
Richard Campbell;Metal;Progressive Metal
Royal Hunt;Metal;Progressive Metal
Section A;Metal;Progressive Metal
Seventh Wonder;Metal;Progressive Metal
Shadow Gallery;Metal;Progressive Metal
Spiral Architect;Metal;Progressive Metal
Stream of Passion;Metal;Progressive Metal
Tim Donahue;Metal;Progressive Metal
Transcendence;Metal;Progressive Metal
Týr;Metal;Progressive Metal
USM;Metal;Progressive Metal
Zero Hour;Metal;Progressive Metal
A Static Lullaby;Metal;Screamo
Devil Sold His Soul;Metal;Screamo
Motionless In White;Metal;Screamo
Rise To Remain;Metal;Screamo
Yashin;Metal;Screamo
Apocalyptica;Metal;Symphonic Metal
Apocalyptica ;Metal;Symphonic Metal
Dimmu Borgir;Metal;Symphonic Metal
Edenbridge;Metal;Symphonic Metal
Epica;Metal;Symphonic Metal
Haggard;Metal;Symphonic Metal
Nightwish;Metal;Symphonic Metal
Northern Kings;Metal;Symphonic Metal
Sahara Dust;Metal;Symphonic Metal
Tarja;Metal;Symphonic Metal
Trans-Siberian Orchestra;Metal;Symphonic Metal
Trillium;Metal;Symphonic Metal
True Symphonic Rockestra;Metal;Symphonic Metal
Van Helsing's Curse;Metal;Symphonic Metal
Within Temptation;Metal;Symphonic Metal
Acid Drinkers;Metal;Thrash Metal
Anthrax;Metal;Thrash Metal
Damageplan;Metal;Thrash Metal
Dead On;Metal;Thrash Metal
Evile;Metal;Thrash Metal
Exodus;Metal;Thrash Metal
Five Finger Death Punch;Metal;Thrash Metal
GWAR;Metal;Thrash Metal
Holochaust;Metal;Thrash Metal
James Hetfield;Metal;Thrash Metal
Joey Belladonna;Metal;Thrash Metal
John Bush;Metal;Thrash Metal
Kreator;Metal;Thrash Metal
Lich King;Metal;Thrash Metal
Machine Head;Metal;Thrash Metal
MD.45;Metal;Thrash Metal
Megadeth;Metal;Thrash Metal
Megadeth ;Metal;Thrash Metal
Nuclear Assault;Metal;Thrash Metal
Pantera;Metal;Thrash Metal
Prong;Metal;Thrash Metal
Risk;Metal;Thrash Metal
Sabbat;Metal;Thrash Metal
Savage Messiah;Metal;Thrash Metal
Scatterbrain;Metal;Thrash Metal
Shadows Fall;Metal;Thrash Metal
Slayer;Metal;Thrash Metal
Soulfly;Metal;Thrash Metal
Tankard;Metal;Thrash Metal
Vader;Metal;Thrash Metal
Warrant [German];Metal;Thrash Metal
Tomorrow's Eve;Metal ;Progressive Metal
Jewel;Pop;Alternative Pop
Moby;Pop;Alternative Pop
Natalie Imbruglia;Pop;Alternative Pop
OMC;Pop;Alternative Pop
Sarah McLachlan;Pop;Alternative Pop
Savage Garden;Pop;Alternative Pop
The Cardigans;Pop;Alternative Pop
Avril Lavigne;Rock;Alternative Rock
Ace Of Base;Pop;Eurodance
Band Ohne Namen;Pop;Eurodance
Eiffel 65;Pop;Eurodance
Schnuffel;Pop;Eurodance
Shinehead;Pop;Eurodance
The Medic Droid;Pop;Eurodance
Gloria Estefan;Pop;Latin Pop
Los Lobos;Pop;Latin Pop
Ricky Martin;Pop;Latin Pop
Shakira;Pop;Latin Pop
Pat Boone;Rock;Lounge Rock
Enya;Pop;New Wave
A-Ha;Pop;New Wave
ABBA;Pop;New Wave
Baltimora;Pop;New Wave
Berlin;Pop;New Wave
Blondie;Pop;New Wave
Carl Douglas;Pop;New Wave
Cindy Lauper;Pop;New Wave
Cutting Crew;Pop;New Wave
Cyndi Lauper;Pop;New Wave
David Bowie;Pop;New Wave
Depeche Mode;Pop;New Wave
Dexys Midnight Runners;Pop;New Wave
Divinyls;Pop;New Wave
Duran Duran;Pop;New Wave
Eurythmics;Pop;New Wave
Falco;Pop;New Wave
Frankie Goes To Hollywood;Pop;New Wave
Hall & Oates;Pop;New Wave
Heaven 17;Pop;New Wave
Jon Schmidt;Pop;New Wave
Men At Work;Pop;New Wave
Mr. Mister;Pop;New Wave
Nena;Pop;New Wave
New Order;Pop;New Wave
Orchestral Manoeuvres In The Dark;Pop;New Wave
Pet Shop Boys;Pop;New Wave
Phil Collins;Pop;New Wave
Pretenders;Pop;New Wave
Real Life;Pop;New Wave
Richard O'Brien;Pop;New Wave
Rick Astley;Pop;New Wave
Right Said Fred;Pop;New Wave
Robert Palmer;Pop;New Wave
Roxette;Pop;New Wave
Scissor Sisters;Pop;New Wave
Soft Cell;Pop;New Wave
Soft Cell Vs. Club 69;Pop;New Wave
Starship;Pop;New Wave
Tangerine Dream;Pop;New Wave
Tears For Fears;Pop;New Wave
The Boyfriends;Pop;New Wave
The Cure;Pop;New Wave
The Outfield;Pop;New Wave
The Smiths;Pop;New Wave
Toni Basil;Pop;New Wave
Wall Of Voodoo;Pop;New Wave
Wham!;Pop;New Wave
All Saints;Pop;Pop Music
Aly & AJ;Pop;Pop Music
Bonnie Tyler;Pop;Pop Music
Britney Spears;Pop;Pop Music
Céline Dion;Pop;Pop Music
Cher;Pop;Pop Music
Demi Lovato;Pop;Pop Music
Donna Lewis;Pop;Pop Music
Elton John;Pop;Pop Music
Jennifer Lopez;Pop;Pop Music
Jo Li;Pop;Pop Music
Joe;Pop;Pop Music
Jon Bon Jovi;Pop;Pop Music
Juliana Stein;Pop;Pop Music
Katy Perry;Pop;Pop Music
Ke$ha;Pop;Pop Music
Kelly Clarkson;Pop;Pop Music
Madonna;Pop;Pop Music
Mariah Carey;Pop;Pop Music
Michael Jackson;Pop;Pop Music
Nancy Sinatra;Pop;Pop Music
NSYNC;Pop;Pop Music
Olivia Newton-John;Pop;Pop Music
P!nk;Pop;Pop Music
Paula Abdul;Pop;Pop Music
Sheryl Crow;Pop;Pop Music
Slim Thug;Pop;Pop Music
Spice Girls;Pop;Pop Music
The Bangles;Pop;Pop Music
Tiffany;Pop;Pop Music
U.S.A. For Africa;Pop;Pop Music
Vanessa Carlton;Pop;Pop Music
Waikiki Beach Bombers;Pop;Pop Music
William Shatner;Pop;Spoken Word
Acoustic Alchemy;Rock;Acoustic Rock
Disconnected;Rock;Acoustic Rock
Maiden United;Rock;Acoustic Rock
Nils Lofgren;Rock;Acoustic Rock
Pat DiNizio;Rock;Acoustic Rock
Rock Aid Armenia;Rock;Acoustic Rock
Tom Cochrane;Rock;Acoustic Rock
Tracy Chapman;Rock;Acoustic Rock
58;Rock;Alternative Rock
311;Rock;Alternative Rock
12 Stones;Rock;Alternative Rock
3 Doors Down;Rock;Alternative Rock
333 Boyz;Rock;Alternative Rock
4 Non Blondes;Rock;Alternative Rock
4gotten Morb;Rock;Alternative Rock
A Perfect Circle;Rock;Alternative Rock
Adelitas Way;Rock;Alternative Rock
Alanis Morissette;Rock;Alternative Rock
Alien Ant Farm;Rock;Alternative Rock
Alter Bridge;Rock;Alternative Rock
Ani DiFranco;Rock;Alternative Rock
Annie Lennox;Rock;Alternative Rock
Anouk & Sarah Bettens;Rock;Alternative Rock
Audioslave;Rock;Alternative Rock
Barenaked Ladies;Rock;Alternative Rock
Beck;Rock;Alternative Rock
Ben Folds Five;Rock;Alternative Rock
Better Than Ezra;Rock;Alternative Rock
Bif Naked;Rock;Alternative Rock
Bloodhound Gang;Rock;Alternative Rock
Blur;Rock;Alternative Rock
Bowling For Soup;Rock;Alternative Rock
Breaking Benjamin;Rock;Alternative Rock
Buckcherry;Rock;Alternative Rock
Butch Walker;Rock;Alternative Rock
Butthole Surfers;Rock;Alternative Rock
Cake;Rock;Alternative Rock
Caroline's Spine;Rock;Alternative Rock
Cavo;Rock;Alternative Rock
Chad Kroeger;Rock;Alternative Rock
Chad Kroeger Ft. Josey Scott;Rock;Alternative Rock
Chantal Kreviazuk;Rock;Alternative Rock
Chevelle;Rock;Alternative Rock
Chrissie;Rock;Alternative Rock
Chumbawamba;Rock;Alternative Rock
Cold;Rock;Alternative Rock
Coldplay;Rock;Alternative Rock
Collective Soul;Rock;Alternative Rock
Counting Crows;Rock;Alternative Rock
Cracker;Rock;Alternative Rock
Cranberries;Rock;Alternative Rock
Crash Test Dummies;Rock;Alternative Rock
Creed;Rock;Alternative Rock
Crossfade;Rock;Alternative Rock
Crumz Deep & Third Rate;Rock;Alternative Rock
Damien Blaise;Rock;Alternative Rock
Daughtry;Rock;Alternative Rock
Dave Grohl;Rock;Alternative Rock
Default;Rock;Alternative Rock
Des'ree;Rock;Alternative Rock
Devil Dudes;Rock;Alternative Rock
Dido;Rock;Alternative Rock
Digital Summer;Rock;Alternative Rock
Dishwalla;Rock;Alternative Rock
DJ Marijuana Weed;Rock;Alternative Rock
dj mdmHEY;Rock;Alternative Rock
Dynamite Hack;Rock;Alternative Rock
Econoline Crush;Rock;Alternative Rock
EMF;Rock;Alternative Rock
Evans Blue;Rock;Alternative Rock
Eve 6;Rock;Alternative Rock
Everclear;Rock;Alternative Rock
Extreme Animals;Rock;Alternative Rock
Fastball;Rock;Alternative Rock
Feeder;Rock;Alternative Rock
Finger Eleven;Rock;Alternative Rock
Five For Fighting;Rock;Alternative Rock
Flyleaf;Rock;Alternative Rock
Foo Fighters;Rock;Alternative Rock
Franky Perez;Rock;Alternative Rock
Fuel;Rock;Alternative Rock
Geoff Geis featuring Dalton Blanco;Rock;Alternative Rock
Giantkiller;Rock;Alternative Rock
Gigi Alien;Rock;Alternative Rock
Gin Blossoms;Rock;Alternative Rock
Goo Goo Dolls;Rock;Alternative Rock
Gorillaz;Rock;Alternative Rock
Gotye;Rock;Alternative Rock
Graveyard Train;Rock;Alternative Rock
Green Day;Rock;Alternative Rock
Guster;Rock;Alternative Rock
Hangnail;Rock;Alternative Rock
Hawk Eyes;Rock;Alternative Rock
Hinder;Rock;Alternative Rock
Hoobastank;Rock;Alternative Rock
Hootie & The Blowfish;Rock;Alternative Rock
Human Waste Project;Rock;Alternative Rock
I.E.;Rock;Alternative Rock
Ice Cube & Mack 10;Rock;Alternative Rock
Incubus;Rock;Alternative Rock
ISSUE;Rock;Alternative Rock
Jane's Addiction;Rock;Alternative Rock
Janus;Rock;Alternative Rock
Jars of Clay;Rock;Alternative Rock
Jars Of Clay;Rock;Alternative Rock
Jesus Jones;Rock;Alternative Rock
Jet;Rock;Alternative Rock
Jimmie's Chicken Shack;Rock;Alternative Rock
Joan Osborne;Rock;Alternative Rock
Josie And The Pussycats;Rock;Alternative Rock
Kelly Osbourne;Rock;Alternative Rock
Kings Of Leon;Rock;Alternative Rock
Kokomo;Rock;Alternative Rock
Large Talons;Rock;Alternative Rock
Leesha Harvey;Rock;Alternative Rock
Lennon Murphy;Rock;Alternative Rock
Lenny Kravitz;Rock;Alternative Rock
Lifehouse;Rock;Alternative Rock
Lit;Rock;Alternative Rock
Live;Rock;Alternative Rock
LostAlone;Rock;Alternative Rock
Lostprophets;Rock;Alternative Rock
Luscious Jackson;Rock;Alternative Rock
Mad Season;Rock;Alternative Rock
Marcy Playground;Rock;Alternative Rock
Marvelous 3;Rock;Alternative Rock
Matchbox Twenty;Rock;Alternative Rock
Matthew Good Band;Rock;Alternative Rock
Meredith Brooks;Rock;Alternative Rock
Miggs;Rock;Alternative Rock
Mighty Joe Plum;Rock;Alternative Rock
Miser;Rock;Alternative Rock
My Darkest Days;Rock;Alternative Rock
Myles Cooper;Rock;Alternative Rock
Natalie Merchant;Rock;Alternative Rock
Nickelback;Rock;Alternative Rock
Nine Days;Rock;Alternative Rock
Nirvana;Rock;Alternative Rock
No Doubt;Rock;Alternative Rock
Oasis;Rock;Alternative Rock
Okapi Akimbo;Rock;Alternative Rock
Oleander;Rock;Alternative Rock
Ossian Winningham and Linda Carpenter;Rock;Alternative Rock
Otep;Rock;Alternative Rock
Our Lady Peace;Rock;Alternative Rock
Placebo;Rock;Alternative Rock
Pop Evil;Rock;Alternative Rock
Primitive Radio Gods;Rock;Alternative Rock
Projected Twin;Rock;Alternative Rock
Puddle Of Mudd;Rock;Alternative Rock
Pushing Up Daisies;Rock;Alternative Rock
R.E.M.;Rock;Alternative Rock
Radio Shock;Rock;Alternative Rock
Radiohead;Rock;Alternative Rock
Rage Against The Machine;Rock;Alternative Rock
Red;Rock;Alternative Rock
Red Five;Rock;Alternative Rock
Red Hot Chili Peppers;Rock;Alternative Rock
Redlight King;Rock;Alternative Rock
Redline Chemistry;Rock;Alternative Rock
Robbie Williams;Rock;Alternative Rock
Ryan Adams;Rock;Alternative Rock
S.L. Hitchcox featuring C.N. Haynes;Rock;Alternative Rock
Saliva;Rock;Alternative Rock
Santana;Rock;Alternative Rock
Saving Abel;Rock;Alternative Rock
Scott Stapp;Rock;Alternative Rock
Scott Weiland;Rock;Alternative Rock
Sean Carnage;Rock;Alternative Rock
Seether;Rock;Alternative Rock
Semisonic;Rock;Alternative Rock
Seven Mary Three;Rock;Alternative Rock
Shaman's Harvest;Rock;Alternative Rock
Shawn Mullins;Rock;Alternative Rock
Shinedown;Rock;Alternative Rock
Sick Puppies;Rock;Alternative Rock
Simo Soo;Rock;Alternative Rock
Since October;Rock;Alternative Rock
Sinéad O'Connor;Rock;Alternative Rock
Sixpence None The Richer;Rock;Alternative Rock
Skillet;Rock;Alternative Rock
Slave To The System;Rock;Alternative Rock
Smash Mouth;Rock;Alternative Rock
Smith & Myers;Rock;Alternative Rock
Sophie Ellis Bextor;Rock;Alternative Rock
Soul Asylum;Rock;Alternative Rock
Spacehog;Rock;Alternative Rock
Sparklehorse;Rock;Alternative Rock
Spiderbait;Rock;Alternative Rock
Spin Doctors;Rock;Alternative Rock
Sponge;Rock;Alternative Rock
SR-71;Rock;Alternative Rock
Stab City;Rock;Alternative Rock
Staind;Rock;Alternative Rock
Stereo MCs;Rock;Alternative Rock
Stereoside;Rock;Alternative Rock
Steve Carell;Rock;Alternative Rock
Stone Temple Pilots;Rock;Alternative Rock
Sublime;Rock;Alternative Rock
Sugar Ray;Rock;Alternative Rock
Tantric;Rock;Alternative Rock
The Asteroids Galaxy Tour;Rock;Alternative Rock
The Black Mollys;Rock;Alternative Rock
The Cranberries;Rock;Alternative Rock
The Flaming Lips;Rock;Alternative Rock
The Flys;Rock;Alternative Rock
The Killers;Rock;Alternative Rock
The Mutton Birds;Rock;Alternative Rock
The Offspring;Rock;Alternative Rock
The Presidents Of The United States Of America;Rock;Alternative Rock
The Proclaimers;Rock;Alternative Rock
The Rembrandts;Rock;Alternative Rock
The Shining;Rock;Alternative Rock
The Smashing Pumpkins;Rock;Alternative Rock
The Stone Roses;Rock;Alternative Rock
The Veer Union;Rock;Alternative Rock
The Verve Pipe;Rock;Alternative Rock
The Wallflowers;Rock;Alternative Rock
Theory Of A Deadman;Rock;Alternative Rock
Third Eye Blind;Rock;Alternative Rock
Three Days Grace;Rock;Alternative Rock
Thug Entrancer;Rock;Alternative Rock
tik\\\tik;Rock;Alternative Rock
Time For Climate Justice;Rock;Alternative Rock
Toad The Wet Sprocket;Rock;Alternative Rock
Toadies;Rock;Alternative Rock
Tonic;Rock;Alternative Rock
Tori Amos;Rock;Alternative Rock
total dicks;Rock;Alternative Rock
Tracy Bonham;Rock;Alternative Rock
Train;Rock;Alternative Rock
Trapt;Rock;Alternative Rock
Treasure Mammal;Rock;Alternative Rock
Trick Pony;Rock;Alternative Rock
TRUSTcompany;Rock;Alternative Rock
U.P.O.;Rock;Alternative Rock
U2;Rock;Alternative Rock
UB40;Rock;Alternative Rock
Unbekannt;Rock;Alternative Rock
Uncle Kracker;Rock;Alternative Rock
V.A.S.T.;Rock;Alternative Rock
Vertical Horizon;Rock;Alternative Rock
Veruca Salt;Rock;Alternative Rock
Violent Femmes;Rock;Alternative Rock
Weezer;Rock;Alternative Rock
Wino & Conny Ochs;Rock;Alternative Rock
Wise Crack;Rock;Alternative Rock
Yanou Ft. Do;Rock;Alternative Rock
Young Guns;Rock;Alternative Rock
BB King;Rock;Blues Rock
Blues Traveler;Rock;Blues Rock
Brand New Sin;Rock;Blues Rock
Buddy Guy;Rock;Blues Rock
Edgar Winter [Feat. Slash];Rock;Blues Rock
George Thorogood;Rock;Blues Rock
Grace Potter & The Nocturnals;Rock;Blues Rock
Joey Ramone;Rock;Blues Rock
Kenny Wayne Shepherd;Rock;Blues Rock
Kenny Wayne Shepherd Band;Rock;Blues Rock
Michael Monroe;Rock;Blues Rock
Robben Ford;Rock;Blues Rock
Ronnie Wood;Rock;Blues Rock
Rory Gallagher;Rock;Blues Rock
Roy Buchanan;Rock;Blues Rock
Stevie Ray Vaughan;Rock;Blues Rock
Taking Dawn;Rock;Blues Rock
The Black Keys;Rock;Blues Rock
Tony Cardenas-Montana;Rock;Blues Rock
Virginmarys, The;Rock;Blues Rock
Alice Cooper;Rock;Classic Rock
America;Rock;Classic Rock
Bad Company;Rock;Classic Rock
Blue Öyster Cult;Rock;Classic Rock
Bob Dylan;Rock;Classic Rock
Bob Seger & The Silver Bullet Band;Rock;Classic Rock
Boston;Rock;Classic Rock
Bruce Springsteen;Rock;Classic Rock
Cheap Trick;Rock;Classic Rock
Cliff Richard;Rock;Classic Rock
Cream;Rock;Classic Rock
Creedence Clearwater Revival;Rock;Classic Rock
Deep Purple;Rock;Classic Rock
Dire Straits;Rock;Classic Rock
Don McLean;Rock;Classic Rock
Eagles;Rock;Classic Rock
Eddie Money;Rock;Classic Rock
Eric Clapton;Rock;Classic Rock
Foreigner;Rock;Classic Rock
Geddy Lee & Alex Lifeson;Rock;Classic Rock
George Harrison;Rock;Classic Rock
Grand Funk Railroad;Rock;Classic Rock
Gregg Allman;Rock;Classic Rock
Iron Butterfly;Rock;Classic Rock
Jimi Hendrix;Rock;Classic Rock
Joe Cocker;Rock;Classic Rock
Josh Homme;Rock;Classic Rock
Journey;Rock;Classic Rock
Justin Hayward;Rock;Classic Rock
Kansas;Rock;Classic Rock
Led Zeppelin;Rock;Classic Rock
Lynyrd Skynyrd;Rock;Classic Rock
Manfred Mann;Rock;Classic Rock
Manfred Mann's Earth Band;Rock;Classic Rock
Nazareth;Rock;Classic Rock
Neil Young;Rock;Classic Rock
Pat Benatar;Rock;Classic Rock
Paul McCartney;Rock;Classic Rock
Pink Floyd;Rock;Classic Rock
Queen;Rock;Classic Rock
Rainbow [Dio];Rock;Classic Rock
REO Speedwagon;Rock;Classic Rock
Rick Springfield;Rock;Classic Rock
Ringo Starr;Rock;Classic Rock
Robert Levon Been;Rock;Classic Rock
Robert Plant;Rock;Classic Rock
Rod Stewart;Rock;Classic Rock
Roger Daltrey;Rock;Classic Rock
Roger McGuinn;Rock;Classic Rock
Simon & Garfunkel;Rock;Classic Rock
Stevie Nicks;Rock;Classic Rock
Styx;Rock;Classic Rock
The Animals;Rock;Classic Rock
The Beatles;Rock;Classic Rock
The Doors;Rock;Classic Rock
The Guess Who;Rock;Classic Rock
The Jimi Hendrix Experience;Rock;Classic Rock
The Rolling Stones;Rock;Classic Rock
The Who;Rock;Classic Rock
Thin Lizzy;Rock;Classic Rock
Tina Turner;Rock;Classic Rock
Tom Petty And The Heartbreakers;Rock;Classic Rock
Zager & Evans;Rock;Classic Rock
ZZ Top;Rock;Classic Rock
Electric Elves [Dio];Rock;Doo-Wap
Elf [Dio];Rock;Doo-Wap
Ronnie and the Prophets [Dio];Rock;Doo-Wap
Ronnie And The Red Caps [Dio];Rock;Doo-Wap
Ronnie Dio And The Prophets [Dio];Rock;Doo-Wap
The Elves [Dio];Rock;Doo-Wap
The Dubliners;Rock;Folk Rock
Mediæval Bæbes;Rock;Folk Rock: Medieval
Fun Lovin' Criminals;Rock;Funk Rock
Jamiroquai;Rock;Funk Rock
Patrick & Eugene;Rock;Funk Rock
Suicidal Tendancies;Rock;Funk Rock
Suicidal Tendencies;Rock;Funk Rock
War;Rock;Funk Rock
Alex Skolnick Trio;Rock;Jazz-Fusion
Chick Corea Quartet;Rock;Fusion Rock
Alien Sex Fiend;Rock;Gothic Rock
Amy Lee;Rock;Gothic Rock
Evanescence;Rock;Gothic Rock
Gerard McMann;Rock;Gothic Rock
HIM;Rock;Gothic Rock
The Sisters Of Mercy;Rock;Gothic Rock
Voltaire;Rock;Gothic Rock
Alice In Chains;Rock;Grunge Rock
Alice in Chains;Rock;Grunge Rock
Alice In Chains;Rock;Grunge Rock
Blind Melon;Rock;Grunge Rock
Bush;Rock;Grunge Rock
Candlebox;Rock;Grunge Rock
Chris Cornell;Rock;Grunge Rock
Class Of '99;Rock;Grunge Rock
Days of The New;Rock;Grunge Rock
DoubleDrive;Rock;Grunge Rock
Downface;Rock;Grunge Rock
Hole;Rock;Grunge Rock
Jerry Cantrell;Rock;Grunge Rock
Local H;Rock;Grunge Rock
Lovemongers;Rock;Grunge Rock
Meat Puppets;Rock;Grunge Rock
Pearl Jam;Rock;Grunge Rock
Redbelly;Rock;Grunge Rock
Silverchair;Rock;Grunge Rock
Soundgarden;Rock;Grunge Rock
Spys4Darwin;Rock;Grunge Rock
Temple Of The Dog;Rock;Grunge Rock
The Nixons;Rock;Grunge Rock
Travis Meeks;Rock;Grunge Rock
36 Crazyfists;Rock;Hard Rock
AC/DC;Rock;Hard Rock
Aerosmith;Rock;Hard Rock
Aiden;Rock;Hard Rock
Alain Johannes;Rock;Hard Rock
Aldo Nova;Rock;Hard Rock
Alexisonfire;Rock;Hard Rock
Ali Tornado;Rock;Hard Rock
Alias;Rock;Hard Rock
Allyria;Rock;Hard Rock
Anberlin;Rock;Hard Rock
Andrew W.K.;Rock;Hard Rock
Angel City Outlaws;Rock;Hard Rock
Another Animal;Rock;Hard Rock
April Wine;Rock;Hard Rock
Arcade;Rock;Hard Rock
Asphalt Ballet;Rock;Hard Rock
Autograph;Rock;Hard Rock
Babylon A.D.;Rock;Hard Rock
Bad English;Rock;Hard Rock
Bang Tango;Rock;Hard Rock
Baton Rouge;Rock;Hard Rock
Big Bad Wolf;Rock;Hard Rock
Billy Gibbons;Rock;Hard Rock
Billy Idol;Rock;Hard Rock
Billy Klippert;Rock;Hard Rock
Billy Squier;Rock;Hard Rock
Black 'N Blue;Rock;Hard Rock
Black Spiders;Rock;Hard Rock
Black Stone Cherry;Rock;Hard Rock
Black Veil Brides;Rock;Hard Rock
Bob Catley;Rock;Hard Rock
Bon Jovi;Rock;Hard Rock
Bon Scott;Rock;Hard Rock
Bonfire;Rock;Hard Rock
Bonham;Rock;Hard Rock
Brad Gillis;Rock;Hard Rock
Brazen Abbot;Rock;Hard Rock
Bret Michaels;Rock;Hard Rock
Brian Johnson & Geordie;Rock;Hard Rock
Brides Of Destruction;Rock;Hard Rock
Britny Fox;Rock;Hard Rock
Britton;Rock;Hard Rock
Broken Teeth;Rock;Hard Rock
Brother Cane;Rock;Hard Rock
Bruce Kulick;Rock;Hard Rock
Budgie;Rock;Hard Rock
BulletBoys;Rock;Hard Rock
Bulletboys;Rock;Hard Rock
BulletBoys;Rock;Hard Rock
Buzz Osborne;Rock;Hard Rock
C4 (Michael Angelo Batio);Rock;Hard Rock
Cherie Currie;Rock;Hard Rock
Chickenfoot;Rock;Hard Rock
Chris Goss;Rock;Hard Rock
Christina Kartsonakis;Rock;Hard Rock
Cinderella;Rock;Hard Rock
CKY;Rock;Hard Rock
Contraband;Rock;Hard Rock
Corey Craven;Rock;Hard Rock
Corrosion of Conformity;Rock;Hard Rock
Coven, Pitrelli, O'Reilly;Rock;Hard Rock
Crystal Rain;Rock;Hard Rock
Cybernauts;Rock;Hard Rock
Damn Yankees;Rock;Hard Rock
Danger Danger;Rock;Hard Rock
Dangerous Toys;Rock;Hard Rock
Dave Meniketti (Y&T);Rock;Hard Rock
David Lee Roth;Rock;Hard Rock
David Victor;Rock;Hard Rock
Def Leppard;Rock;Hard Rock
Derek Davis;Rock;Hard Rock
Dirty Looks;Rock;Hard Rock
Dirty Rhythm;Rock;Hard Rock
Dokken;Rock;Hard Rock
Don Dokken;Rock;Hard Rock
Doug Aldrich;Rock;Hard Rock
Dragonslayer;Rock;Hard Rock
Dropkick Murphys;Rock;Hard Rock
Duff McKagan;Rock;Hard Rock
Dweezil Zappa;Rock;Hard Rock
Earl Slick;Rock;Hard Rock
Electric Boys;Rock;Hard Rock
Enuff Z'Nuff;Rock;Hard Rock
Enuff Z'nuff;Rock;Hard Rock
Enuff Z'Nuff;Rock;Hard Rock
Eric Cartman;Rock;Hard Rock
Eric Martin;Rock;Hard Rock
Eternya;Rock;Hard Rock
Europe;Rock;Hard Rock
Every Mother's Nightmare;Rock;Hard Rock
Extreme;Rock;Hard Rock
Eyes;Rock;Hard Rock
Faced Like A Crow;Rock;Hard Rock
Fall Out Boy;Rock;Hard Rock
Faster Pussycat;Rock;Hard Rock
Fatal Smile;Rock;Hard Rock
Finch;Rock;Hard Rock
Fiona;Rock;Hard Rock
Firehouse;Rock;Hard Rock
Foever Say Die!;Rock;Hard Rock
Framing Hanley;Rock;Hard Rock
Fred Coury;Rock;Hard Rock
Fu Manchu;Rock;Hard Rock
Fudge Tunnel;Rock;Hard Rock
Gary Jules;Rock;Hard Rock
Gene Simmons;Rock;Hard Rock
Genitorturers;Rock;Hard Rock
George Lynch;Rock;Hard Rock
Giant;Rock;Hard Rock
Gilby Clarke;Rock;Hard Rock
Girlschool;Rock;Hard Rock
Glenn Hughes;Rock;Hard Rock
Golden Earring;Rock;Hard Rock
Goldfinger;Rock;Hard Rock
Great White;Rock;Hard Rock
Grey DeLisle;Rock;Hard Rock
Guns N' Roses;Rock;Hard Rock
Gunzoo;Rock;Hard Rock
H.E.A.T;Rock;Hard Rock
Halestorm;Rock;Hard Rock
Hanoi Rocks;Rock;Hard Rock
Hardline;Rock;Hard Rock
He Is Legend;Rock;Hard Rock
Heart;Rock;Hard Rock
Heavens Edge;Rock;Hard Rock
Hericane Alice;Rock;Hard Rock
Herman Rarebell & Friends;Rock;Hard Rock
Hollywood Rose;Rock;Hard Rock
Honeymoon Suite;Rock;Hard Rock
Hugo;Rock;Hard Rock
Hurricane;Rock;Hard Rock
I Set My Friends On Fire;Rock;Hard Rock
Ian Gillan;Rock;Hard Rock
In Fear And Faith;Rock;Hard Rock
Jack Blades;Rock;Hard Rock
Jack Russell;Rock;Hard Rock
Jackyl;Rock;Hard Rock
Jake E. Lee;Rock;Hard Rock
Jani Lane;Rock;Hard Rock
Jason Mraz;Rock;Hard Rock
Jason Scheff;Rock;Hard Rock
Jeff Beck All Stars;Rock;Hard Rock
Jeff Pilson;Rock;Hard Rock
Jesse Strange;Rock;Hard Rock
Jetboy;Rock;Hard Rock
Jimmy Crespo;Rock;Hard Rock
Jimmy Page;Rock;Hard Rock
Jimmy Page & Eric Clapton;Rock;Hard Rock
Jizzy Pearl;Rock;Hard Rock
Joan Jett And The Blackhearts;Rock;Hard Rock
Joe Elliott;Rock;Hard Rock
Joey C. Jones And The Glory Hounds;Rock;Hard Rock
John Corabi;Rock;Hard Rock
John Norum;Rock;Hard Rock
John West;Rock;Hard Rock
Johnny Ramone;Rock;Hard Rock
Kelly Hansen;Rock;Hard Rock
Kevin DuBrow;Rock;Hard Rock
Killer Dwarfs;Rock;Hard Rock
Kingdom Come;Rock;Hard Rock
Kip Winger;Rock;Hard Rock
KISS;Rock;Hard Rock
Kix;Rock;Hard Rock
Kory Clarke;Rock;Hard Rock
Krokus;Rock;Hard Rock
L.A. Guns;Rock;Hard Rock
Leatherwolf;Rock;Hard Rock
Lee Ving;Rock;Hard Rock
Liberty N' Justice;Rock;Hard Rock
Lisa Loeb;Rock;Hard Rock
Lita Ford;Rock;Hard Rock
Living Colour;Rock;Hard Rock
Load Point Pull;Rock;Hard Rock
Loverboy;Rock;Hard Rock
Lynch Mob;Rock;Hard Rock
Lynch/Pilson;Rock;Hard Rock
Mardo;Rock;Hard Rock
Marie Digby;Rock;Hard Rock
Mark Slaughter;Rock;Hard Rock
Matthew Sweet;Rock;Hard Rock
McAuley-Schenker Group;Rock;Hard Rock
McQueen Street;Rock;Hard Rock
Metal Skool;Rock;Hard Rock
Michael Schenker;Rock;Hard Rock
Mick Mars;Rock;Hard Rock
Mike Tramp;Rock;Hard Rock
Mitch Malloy;Rock;Hard Rock
Monster Magnet;Rock;Hard Rock
Morning Wood;Rock;Hard Rock
Motherlode;Rock;Hard Rock
Mötley Crüe;Rock;Hard Rock
Mr. Big;Rock;Hard Rock
Muddy Waters;Rock;Hard Rock
Neil Zaza;Rock;Hard Rock
Nelson;Rock;Hard Rock
Neurotica;Rock;Hard Rock
New Found Glory;Rock;Hard Rock
Night Ranger;Rock;Hard Rock
Operation: Mindcrime;Rock;Hard Rock
Operator;Rock;Hard Rock
Pat Travers;Rock;Hard Rock
Paul Gilbert;Rock;Hard Rock
Paul Shortino;Rock;Hard Rock
Phil Campbell;Rock;Hard Rock
Phil Lewis;Rock;Hard Rock
Pink Cream 69;Rock;Hard Rock
Poison;Rock;Hard Rock
Pretty Boy Floyd;Rock;Hard Rock
Prophet;Rock;Hard Rock
Psycho Motel;Rock;Hard Rock
Ratt;Rock;Hard Rock
Red Rider;Rock;Hard Rock
Rev Theory;Rock;Hard Rock
Richard Kendrick;Rock;Hard Rock
Richie Sambora;Rock;Hard Rock
Rick Derringer;Rock;Hard Rock
Riot;Rock;Hard Rock
Ript;Rock;Hard Rock
Robby Valentine;Rock;Hard Rock
Robin McAuley;Rock;Hard Rock
Robin Zander;Rock;Hard Rock
Rock Star Supernova;Rock;Hard Rock
Rock Sugar;Rock;Hard Rock
Rockstar Superstar Project;Rock;Hard Rock
Rollins Band;Rock;Hard Rock
Ronnie Montrose;Rock;Hard Rock
Roxx Gang;Rock;Hard Rock
Roxy Blue;Rock;Hard Rock
Rubber Biscuit;Rock;Hard Rock
Rush;Rock;Hard Rock
Russ Dwarf;Rock;Hard Rock
Saigon Kick;Rock;Hard Rock
Saints & Sinners;Rock;Hard Rock
Sammy Hagar;Rock;Hard Rock
Scary Kids Scaring Kids;Rock;Hard Rock
School Of Rock;Rock;Hard Rock
Scorpions;Rock;Hard Rock
Sebastian Bach;Rock;Hard Rock
Seventh Rize;Rock;Hard Rock
Shawn Coleman;Rock;Hard Rock
Shotgun Messiah;Rock;Hard Rock
Shy;Rock;Hard Rock
Shy England;Rock;Hard Rock
Silvertide;Rock;Hard Rock
Sin City All Stars;Rock;Hard Rock
SingSing;Rock;Hard Rock
Sixx A M;Rock;Hard Rock
Sixx A.M.;Rock;Hard Rock
Sixx:A.M.;Rock;Hard Rock
Skid Row;Rock;Hard Rock
Slash;Rock;Hard Rock
Slash's Snakepit;Rock;Hard Rock
Slaughter;Rock;Hard Rock
Slave Raider;Rock;Hard Rock
Sleeze Beez;Rock;Hard Rock
Smear Campaign;Rock;Hard Rock
Southgang;Rock;Hard Rock
Spike;Rock;Hard Rock
Spooks Illustrated;Rock;Hard Rock
Steel Panther;Rock;Hard Rock
Steelheart;Rock;Hard Rock
Stephen Pearcy;Rock;Hard Rock
Steve "Lips" Kudlow;Rock;Hard Rock
Steve Jones;Rock;Hard Rock
Steve Lukather;Rock;Hard Rock
Steve Morse;Rock;Hard Rock
Steve Plunkett;Rock;Hard Rock
Steve Whiteman;Rock;Hard Rock
Stevie Rachelle;Rock;Hard Rock
Stone Fury;Rock;Hard Rock
Stryper;Rock;Hard Rock
Sundogs;Rock;Hard Rock
Supersuckers;Rock;Hard Rock
Switchfoot;Rock;Hard Rock
T&N;Rock;Hard Rock
Talisman;Rock;Hard Rock
Ted Nugent;Rock;Hard Rock
Tenacious D;Rock;Hard Rock
Tesla;Rock;Hard Rock
The 69 Eyes;Rock;Hard Rock
The All-American Rejects;Rock;Hard Rock
The Batfish Boys;Rock;Hard Rock
The Cult;Rock;Hard Rock
The Demonstration;Rock;Hard Rock
The Jason Bonham Band;Rock;Hard Rock
The Law;Rock;Hard Rock
The Lone Rangers;Rock;Hard Rock
The Poor;Rock;Hard Rock
The Scream;Rock;Hard Rock
The Snakes;Rock;Hard Rock
The Storm;Rock;Hard Rock
The Sweet;Rock;Hard Rock
The Vandals;Rock;Hard Rock
The Vibrators;Rock;Hard Rock
Theory of a Deadman;Rock;Hard Rock
Thinking Aloud;Rock;Hard Rock
Thrice;Rock;Hard Rock
Thunder;Rock;Hard Rock
TNT;Rock;Hard Rock
Tom Keifer;Rock;Hard Rock
Tommy Aldridge;Rock;Hard Rock
Tommy Lee;Rock;Hard Rock
Tommy Shaw;Rock;Hard Rock
Tommy Shaw / Jack Blades;Rock;Hard Rock
Tony Janflone Jr;Rock;Hard Rock
Tooga;Rock;Hard Rock
Tora Tora;Rock;Hard Rock
Tramp's White Lion;Rock;Hard Rock
Triumph;Rock;Hard Rock
Trixter;Rock;Hard Rock
Tuff;Rock;Hard Rock
Twisted Sister;Rock;Hard Rock
UFO;Rock;Hard Rock
Ugly Kid Joe;Rock;Hard Rock
Ummagumma;Rock;Hard Rock
Union;Rock;Hard Rock
Utada Hikaru;Rock;Hard Rock
Vagabond;Rock;Hard Rock
Valentine;Rock;Hard Rock
Van Halen;Rock;Hard Rock
Vayden;Rock;Hard Rock
Velocity;Rock;Hard Rock
Velvet Revolver;Rock;Hard Rock
Victory;Rock;Hard Rock
Vince Neil;Rock;Hard Rock
Vinnie Vincent;Rock;Hard Rock
Vinnie Vincent Invasion;Rock;Hard Rock
Vixen;Rock;Hard Rock
Von Groove;Rock;Hard Rock
W.A.S.P.;Rock;Hard Rock
Warrant;Rock;Hard Rock
Warrior Soul;Rock;Hard Rock
White Lion;Rock;Hard Rock
Whitesnake;Rock;Hard Rock
Whitfield Crane;Rock;Hard Rock
Wild Side [Norwegian Band];Rock;Hard Rock
Wildside;Rock;Hard Rock
Winger;Rock;Hard Rock
Winter Rose;Rock;Hard Rock
XYZ;Rock;Hard Rock
Y&T (Yesterday & Today);Rock;Hard Rock
Young Gunns (Wildside);Rock;Hard Rock
Murderdolls;Rock;Horror Punk
The Misfits;Rock;Horror Punk
Alex Skolnick;Rock;Jazz Rock
Louis Armstrong And His Hot Seven;Rock;Jazz Rock
Lounge Cafe Moskva In The Mix;Rock;Lounge Rock
Elvis Presley;Rock;Oldies
Daniele Liverani;Metal;Progressive Metal
Adrian Belew;Rock;Progressive Rock
Aviator;Rock;Progressive Rock
Billy Sherwood;Rock;Progressive Rock
Bobby Kimball;Rock;Progressive Rock
Edgar Winter;Rock;Progressive Rock
Fair To Midland;Rock;Progressive Rock
Garry Green;Rock;Progressive Rock
Geaf Downes;Rock;Progressive Rock
Geddy Lee;Rock;Progressive Rock
Greg Lake;Rock;Progressive Rock
Ian Anderson;Rock;Progressive Rock
Jethro Tull;Rock;Progressive Rock
John Wetton;Rock;Progressive Rock
Larry Fast;Rock;Progressive Rock
Malcom McDowell;Rock;Progressive Rock
Peter Banks;Rock;Progressive Rock
Rick Wakeman;Rock;Progressive Rock
Steve Howe;Rock;Progressive Rock
Synergy;Rock;Progressive Rock
The American Breed;Rock;Psychedelic Rock
AFI;Rock;Punk Rock
Anti-Nowhere League;Rock;Punk Rock
Bad Religion;Rock;Punk Rock
Box Car Racer;Rock;Punk Rock
Buster Poindexter And His Banshees Of Blue;Rock;Punk Rock
Dayglo Abortions;Rock;Punk Rock
Discharge;Rock;Punk Rock
Donots;Rock;Punk Rock
Down By Law;Rock;Punk Rock
Face To Face;Rock;Punk Rock
Generation X;Rock;Punk Rock
Ghoti Hook;Rock;Punk Rock
Gob;Rock;Punk Rock
Good Charlotte;Rock;Punk Rock
Gus;Rock;Punk Rock
Hi-STANDARD;Rock;Punk Rock
Home Grown;Rock;Punk Rock
Less Than Jake;Rock;Punk Rock
Me First And The Gimme Gimmes;Rock;Punk Rock
Me First And The Gimmie Gimmies;Rock;Punk Rock
Millencolin;Rock;Punk Rock
MxPx;Rock;Punk Rock
No Use For A Name;Rock;Punk Rock
NOFX;Rock;Punk Rock
Pennywise;Rock;Punk Rock
Phantom Rockers;Rock;Punk Rock
Ramones;Rock;Punk Rock
Rise Against;Rock;Punk Rock
Sex Pistols;Rock;Punk Rock
Sleater-Kinney;Rock;Punk Rock
Snuff;Rock;Punk Rock
Social Distortion;Rock;Punk Rock
Spazzys;Rock;Punk Rock
Strawberry Slaughterhouse;Rock;Punk Rock
Sum 41;Rock;Punk Rock
Swindle;Rock;Punk Rock
Ten Foot Pole;Rock;Punk Rock
Than Jake;Rock;Punk Rock
The Alley Cats;Rock;Punk Rock
The Ataris;Rock;Punk Rock
The Bouncing Souls;Rock;Punk Rock
The Clash;Rock;Punk Rock
The Donnas;Rock;Punk Rock
The Get Up Kids;Rock;Punk Rock
The Living End;Rock;Punk Rock
The Sequence;Rock;Punk Rock
The Twistin' Tarantulas;Rock;Punk Rock
Roy Orbison;Rock;Rockabilly
Stray Cats;Rock;Rockabilly
Hayseed Dixie;Rock;Rockgrass
Alan Hovhaness;Science;Science: [Music]
Antonio Vivaldi;Science;Science: [Music]
Galt MacDermot;Science;Science: [Music]
Gottfried Finger;Science;Science: [Music]
Gustav Holst;Science;Science: [Music]
Igor Stravinsky;Science;Science: [Music]
Johann Pachelbel;Science;Science: [Music]
Nikolai Rimsky-Korsakov;Science;Science: [Music]
John Boswell;Science;Science: [Music]
Symphony of Science;Science;Science: [Music]
Attaboy Skip;Rock;Ska
Catch 22;Rock;Ska
Heptet;Rock;Ska
Reel Big Fish;Rock;Ska
Ruder Than You;Rock;Ska
Save Ferris;Rock;Ska
SkaDaddyZ;Rock;Ska
Skavoovie & The Epitones;Rock;Ska
The Arrogant Sons Of Bitches;Rock;Ska
The Mighty Mighty Bosstones;Rock;Ska
Air Supply;Rock;Soft Rock
Billy Joel;Rock;Soft Rock
Bryan Adams;Rock;Soft Rock
Joe Harnell;Rock;Soft Rock
Kenny Loggins;Rock;Soft Rock
Michael Bublé;Rock;Soft Rock
Michael McDonald;Rock;Soft Rock
Neil Diamond;Rock;Soft Rock
Richard Marx;Rock;Soft Rock
Sting;Rock;Soft Rock
The Carpenters;Rock;Soft Rock
Wilson Pickett;Rock;Soft Rock
Yes;Rock;Soft Rock
Jesse James Dupree;Rock;Southern Rock
John Mellencamp;Rock;Southern Rock
Laidlaw;Rock;Southern Rock
Little Feat;Rock;Southern Rock
Moon Dog Mane;Rock;Southern Rock
Pride & Glory [Limited Edition];Rock;Southern Rock
The Allman Brothers Band;Rock;Southern Rock
The Black Crowes;Rock;Southern Rock
Failure;Rock;Space Rock
Nik Turner;Rock;Space Rock
The Beach Boys;Rock;Surf Rock
NASA Voyager Recordings;Science;NASA [Music]
Vangelis;Science;New Age
Carl Sagan;Science;Science
Isao Tomita;Science;Science
Nasa;Science;Space Sounds
John F. Kennedy;Science;Spoken & Audio
Anjey Satori;Self-Help;Meditative
Dobie Gray;Soul;Northern Soul
Apollo 440;Techno;Dance
The Immortals;Techno;Dance
Tiësto;Techno;Dance
Utah Saints;Techno;Dance
Warp Brothers;Techno;Dance
